,0
0,0
1,4
2,1
3,2
4,2
5,1
6,1
7,0
8,5
9,1
10,1
11,0
12,1
13,0
14,0
15,1
16,4
17,4
18,0
19,1
20,0
21,0
22,0
23,2
24,3
25,5
26,0
27,2
28,0
29,3
30,6
31,1
32,0
33,0
34,2
35,1
36,1
37,2
38,2
39,0
40,0
41,1
42,2
43,0
44,0
45,2
46,1
47,3
48,2
49,0
50,2
51,2
52,2
53,0
54,0
55,1
56,1
57,2
58,0
59,0
60,2
61,1
62,4
63,2
64,0
65,4
66,2
67,1
68,1
69,3
70,3
71,2
72,6
73,1
74,1
75,0
76,0
77,0
78,0
79,1
80,0
81,2
82,1
83,0
84,3
85,1
86,3
87,2
88,2
89,5
90,1
91,0
92,0
93,2
94,3
95,0
96,2
97,0
98,4
99,0
100,2
101,1
102,1
103,1
104,0
105,0
106,1
107,2
108,0
109,1
110,1
111,4
112,1
113,0
114,2
115,2
116,2
117,3
118,3
119,3
120,1
121,3
122,3
123,1
124,0
125,0
126,0
127,0
128,2
129,2
130,6
131,2
132,1
133,1
134,0
135,1
136,2
137,0
138,0
139,1
140,0
141,2
142,0
143,2
144,0
145,2
146,1
147,2
148,2
149,3
150,2
151,2
152,1
153,2
154,1
155,2
156,1
157,1
158,2
159,0
160,1
161,1
162,1
163,0
164,1
165,2
166,0
167,1
168,0
169,1
170,1
171,0
172,2
173,1
174,1
175,0
176,1
177,2
178,0
179,2
180,0
181,3
182,1
183,0
184,0
185,1
186,0
187,2
188,0
189,2
190,0
191,0
192,1
193,1
194,2
195,2
196,0
197,0
198,0
199,2
200,1
201,1
202,2
203,1
204,0
205,1
206,0
207,1
208,1
209,2
210,2
211,1
212,0
213,1
214,1
215,2
216,1
217,1
218,0
219,0
220,2
221,1
222,0
223,4
224,1
225,1
226,2
227,0
228,1
229,1
230,1
231,3
232,1
233,0
234,1
235,0
236,1
237,2
238,0
239,1
240,0
241,0
242,1
243,0
244,2
245,4
246,0
247,0
248,1
249,0
250,0
251,1
252,0
253,0
254,2
255,1
256,0
257,2
258,0
259,1
260,1
261,0
262,3
263,0
264,2
265,0
266,1
267,0
268,1
269,0
270,0
271,2
272,5
273,1
274,0
275,2
276,0
277,1
278,0
279,1
280,0
281,1
282,2
283,0
284,1
285,1
286,0
287,2
288,2
289,1
290,1
291,3
292,4
293,0
294,2
295,0
296,1
297,0
298,1
299,0
300,0
301,0
302,4
303,0
304,2
305,1
306,0
307,0
308,1
309,2
310,1
311,1
312,3
313,2
314,1
315,3
316,1
317,1
318,1
319,1
320,1
321,1
322,1
323,2
324,2
325,4
326,1
327,1
328,1
329,0
330,0
331,1
332,1
333,0
334,1
335,3
336,0
337,3
338,0
339,0
340,1
341,0
342,2
343,1
344,0
345,1
346,1
347,2
348,3
349,0
350,1
351,1
352,2
353,4
354,2
355,2
356,0
357,1
358,0
359,1
360,1
361,2
362,1
363,2
364,0
365,3
366,0
367,4
368,2
369,0
370,2
371,0
372,2
373,1
374,0
375,1
376,1
377,3
378,2
379,0
380,0
381,3
382,2
383,1
384,4
385,1
386,1
387,1
388,2
389,7
390,2
391,1
392,1
393,0
394,0
395,2
396,1
397,2
398,3
399,1
400,1
401,1
402,0
403,1
404,2
405,0
406,1
407,1
408,2
409,0
410,1
411,2
412,0
413,2
414,0
415,1
416,1
417,4
418,0
419,1
420,0
421,1
422,0
423,0
424,1
425,1
426,4
427,0
428,1
429,0
430,0
431,1
432,0
433,1
434,4
435,0
436,1
437,1
438,2
439,1
440,1
441,2
442,0
443,1
444,1
445,1
446,0
447,0
448,1
449,0
450,1
451,1
452,0
453,4
454,2
455,0
456,0
457,1
458,2
459,0
460,0
461,1
462,1
463,1
464,3
465,2
466,1
467,1
468,0
469,3
470,1
471,3
472,2
473,0
474,2
475,0
476,0
477,1
478,1
479,2
480,2
481,0
482,0
483,0
484,3
485,1
486,0
487,3
488,0
489,0
490,0
491,0
492,1
493,1
494,0
495,2
496,0
497,1
498,1
499,1
500,2
501,2
502,1
503,0
504,0
505,1
506,2
507,1
508,2
509,0
510,1
511,1
512,3
513,1
514,0
515,2
516,1
517,1
518,3
519,1
520,2
521,2
522,1
523,3
524,0
525,2
526,0
527,2
528,3
529,1
530,1
531,0
532,0
533,0
534,1
535,0
536,0
537,0
538,0
539,2
540,3
541,1
542,4
543,1
544,1
545,2
546,1
547,0
548,1
549,1
550,0
551,0
552,0
553,2
554,2
555,0
556,0
557,0
558,1
559,0
560,1
561,1
562,0
563,0
564,0
565,0
566,1
567,3
568,0
569,2
570,0
571,1
572,1
573,1
574,0
575,1
576,1
577,0
578,2
579,0
580,0
581,0
582,1
583,1
584,1
585,1
586,3
587,4
588,0
589,0
590,2
591,1
592,2
593,1
594,0
595,0
596,0
597,3
598,2
599,2
600,5
601,1
602,0
603,0
604,3
605,0
606,0
607,3
608,1
609,2
610,0
611,0
612,2
613,1
614,0
615,4
616,1
617,1
618,1
619,0
620,2
621,0
622,2
623,0
624,0
625,1
626,1
627,1
628,0
629,1
630,1
631,1
632,4
633,0
634,0
635,1
636,2
637,0
638,1
639,0
640,3
641,3
642,1
643,0
644,2
645,4
646,0
647,0
648,1
649,0
650,0
651,1
652,0
653,0
654,0
655,0
656,1
657,0
658,0
659,0
660,4
661,0
662,1
663,2
664,3
665,0
666,2
667,0
668,2
669,1
670,1
671,0
672,1
673,2
674,0
675,0
676,0
677,0
678,3
679,3
680,0
681,0
682,0
683,0
684,1
685,3
686,2
687,1
688,0
689,2
690,2
691,1
692,0
693,0
694,0
695,1
696,5
697,2
698,6
699,4
700,1
701,0
702,1
703,2
704,0
705,0
706,1
707,1
708,1
709,0
710,0
711,1
712,1
713,0
714,1
715,0
716,3
717,1
718,1
719,3
720,0
721,1
722,2
723,2
724,1
725,3
726,0
727,1
728,0
729,1
730,2
731,1
732,0
733,1
734,1
735,5
736,1
737,1
738,2
739,1
740,1
741,0
742,0
743,0
744,0
745,1
746,0
747,2
748,0
749,3
750,0
751,1
752,0
753,0
754,2
755,0
756,0
757,0
758,1
759,2
760,0
761,0
762,0
763,0
764,0
765,0
766,1
767,0
768,0
769,3
770,0
771,1
772,0
773,0
774,0
775,1
776,1
777,0
778,0
779,1
780,1
781,2
782,1
783,1
784,1
785,0
786,0
787,0
788,0
789,0
790,0
791,0
792,0
793,0
794,0
795,0
796,1
797,1
798,1
799,1
800,0
801,0
802,2
803,0
804,2
805,1
806,0
807,0
808,1
809,0
810,0
811,0
812,0
813,1
814,0
815,0
816,2
817,2
818,1
819,0
820,0
821,0
822,2
823,0
824,0
825,0
826,0
827,1
828,0
829,0
830,1
831,0
832,2
833,0
834,1
835,0
836,1
837,1
838,1
839,0
840,3
841,0
842,0
843,0
844,1
845,1
846,0
847,3
848,0
849,0
850,2
851,1
852,0
853,1
854,1
855,2
856,1
857,0
858,1
859,2
860,2
861,0
862,2
863,1
864,1
865,1
866,1
867,1
868,0
869,1
870,0
871,0
872,0
873,1
874,1
875,2
876,1
877,3
878,3
879,0
880,2
881,0
882,0
883,0
884,0
885,2
886,0
887,1
888,1
889,0
890,0
891,2
892,2
893,0
894,0
895,0
896,0
897,0
898,1
899,0
900,2
901,1
902,0
903,1
904,0
905,0
906,2
907,5
908,1
909,0
910,0
911,1
912,1
913,0
914,1
915,0
916,1
917,2
918,2
919,1
920,3
921,0
922,0
923,1
924,2
925,1
926,0
927,1
928,1
929,0
930,0
931,0
932,1
933,2
934,0
935,0
936,0
937,1
938,0
939,0
940,1
941,2
942,2
943,0
944,0
945,0
946,3
947,0
948,1
949,1
950,0
951,4
952,0
953,0
954,1
955,0
956,0
957,0
958,1
959,0
960,0
961,2
962,0
963,0
964,1
965,0
966,0
967,0
968,0
969,0
970,1
971,2
972,0
973,2
974,0
975,0
976,0
977,1
978,0
979,0
980,0
981,0
982,0
983,1
984,0
985,0
986,2
987,0
988,1
989,0
990,0
991,0
992,0
993,0
994,0
995,1
996,0
997,0
998,0
999,0
1000,1
1001,0
1002,0
1003,1
1004,0
1005,1
1006,0
1007,0
1008,3
1009,0
1010,0
1011,1
1012,0
1013,0
1014,0
1015,0
1016,0
1017,0
1018,1
1019,0
1020,0
1021,2
1022,0
1023,1
1024,1
1025,0
1026,0
1027,1
1028,1
1029,4
1030,1
1031,4
1032,0
1033,1
1034,2
1035,2
1036,0
1037,0
1038,0
1039,1
1040,0
1041,0
1042,1
1043,0
1044,0
1045,3
1046,0
1047,0
1048,0
1049,1
1050,0
1051,0
1052,1
1053,5
1054,0
1055,0
1056,0
1057,0
1058,0
1059,1
1060,2
1061,0
1062,1
1063,0
1064,0
1065,2
1066,0
1067,0
1068,4
1069,0
1070,1
1071,0
1072,0
1073,1
1074,0
1075,0
1076,0
1077,1
1078,0
1079,0
1080,0
1081,0
1082,2
1083,0
1084,0
1085,0
1086,2
1087,0
1088,0
1089,3
1090,1
1091,0
1092,1
1093,2
1094,1
1095,0
1096,0
1097,2
1098,0
1099,0
1100,0
1101,3
1102,0
1103,0
1104,1
1105,2
1106,0
1107,0
1108,1
1109,4
1110,0
1111,2
1112,2
1113,0
1114,0
1115,0
1116,0
1117,0
1118,0
1119,1
1120,0
1121,2
1122,0
1123,0
1124,0
1125,1
1126,0
1127,0
1128,1
1129,0
1130,0
1131,0
1132,0
1133,0
1134,1
1135,0
1136,2
1137,0
1138,0
1139,1
1140,3
1141,1
1142,2
1143,2
1144,0
1145,1
1146,1
1147,2
1148,0
1149,4
1150,1
1151,1
1152,1
1153,3
1154,0
1155,1
1156,2
1157,0
1158,0
1159,2
1160,1
1161,0
1162,0
1163,0
1164,1
1165,2
1166,0
1167,0
1168,1
1169,0
1170,2
1171,0
1172,0
1173,1
1174,0
1175,1
1176,0
1177,0
1178,1
1179,0
1180,1
1181,0
1182,1
1183,2
1184,0
1185,2
1186,3
1187,0
1188,2
1189,0
1190,2
1191,2
1192,0
1193,0
1194,0
1195,1
1196,0
1197,1
1198,1
1199,1
1200,0
1201,0
1202,0
1203,0
1204,0
1205,0
1206,0
1207,1
1208,1
1209,0
1210,1
1211,0
1212,0
1213,1
1214,0
1215,2
1216,1
1217,0
1218,0
1219,2
1220,2
1221,0
1222,0
1223,1
1224,1
1225,0
1226,0
1227,1
1228,0
1229,0
1230,1
1231,0
1232,0
1233,0
1234,0
1235,0
1236,1
1237,0
1238,0
1239,1
1240,0
1241,1
1242,0
1243,0
1244,1
1245,1
1246,0
1247,1
1248,0
1249,1
1250,1
1251,0
1252,1
1253,0
1254,1
1255,1
1256,1
1257,2
1258,1
1259,0
1260,4
1261,2
1262,1
1263,0
1264,0
1265,1
1266,1
1267,0
1268,0
1269,2
1270,2
1271,0
1272,0
1273,2
1274,0
1275,0
1276,2
1277,0
1278,0
1279,0
1280,1
1281,0
1282,0
1283,0
1284,0
1285,1
1286,0
1287,0
1288,0
1289,0
1290,1
1291,1
1292,1
1293,0
1294,0
1295,1
1296,0
1297,0
1298,2
1299,0
1300,0
1301,1
1302,2
1303,0
1304,0
1305,2
1306,0
1307,0
1308,0
1309,4
1310,0
1311,0
1312,1
1313,2
1314,0
1315,0
1316,0
1317,1
1318,0
1319,1
1320,0
1321,0
1322,2
1323,0
1324,0
1325,0
1326,0
1327,1
1328,2
1329,1
1330,1
1331,1
1332,0
1333,0
1334,0
1335,0
1336,1
1337,0
1338,1
1339,0
1340,3
1341,1
1342,0
1343,0
1344,0
1345,0
1346,1
1347,2
1348,0
1349,0
1350,1
1351,0
1352,0
1353,0
1354,2
1355,2
1356,0
1357,3
1358,1
1359,0
1360,3
1361,0
1362,3
1363,0
1364,0
1365,2
1366,2
1367,0
1368,0
1369,2
1370,0
1371,4
1372,0
1373,3
1374,0
1375,2
1376,0
1377,1
1378,0
1379,0
1380,1
1381,2
1382,1
1383,0
1384,0
1385,0
1386,1
1387,1
1388,0
1389,1
1390,1
1391,0
1392,1
1393,2
1394,0
1395,1
1396,1
1397,1
1398,1
1399,1
1400,1
1401,0
1402,2
1403,0
1404,2
1405,3
1406,0
1407,0
1408,1
1409,0
1410,0
1411,3
1412,1
1413,5
1414,1
1415,0
1416,2
1417,2
1418,1
1419,1
1420,1
1421,0
1422,1
1423,4
1424,1
1425,0
1426,3
1427,1
1428,2
1429,0
1430,2
1431,2
1432,2
1433,1
1434,2
1435,0
1436,1
1437,2
1438,3
1439,3
1440,1
1441,3
1442,2
1443,0
1444,1
1445,2
1446,1
1447,0
1448,0
1449,0
1450,2
1451,2
1452,3
1453,1
1454,2
1455,1
1456,0
1457,0
1458,0
1459,1
1460,1
1461,3
1462,1
1463,0
1464,1
1465,0
1466,2
1467,2
1468,1
1469,0
1470,3
1471,4
1472,0
1473,1
1474,2
1475,1
1476,0
1477,0
1478,2
1479,1
1480,0
1481,2
1482,0
1483,1
1484,0
1485,4
1486,1
1487,1
1488,1
1489,0
1490,0
1491,1
1492,1
1493,4
1494,0
1495,0
1496,3
1497,3
1498,1
1499,1
1500,0
1501,0
1502,0
1503,2
1504,1
1505,3
1506,1
1507,0
1508,1
1509,2
1510,1
1511,2
1512,1
1513,0
1514,2
1515,2
1516,0
1517,1
1518,5
1519,0
1520,3
1521,4
1522,1
1523,0
1524,2
1525,1
1526,2
1527,3
1528,0
1529,3
1530,0
1531,0
1532,0
1533,3
1534,0
1535,2
1536,1
1537,4
1538,2
1539,1
1540,0
1541,1
1542,0
1543,1
1544,3
1545,2
1546,3
1547,2
1548,2
1549,3
1550,1
1551,0
1552,2
1553,2
1554,1
1555,0
1556,2
1557,0
1558,0
1559,0
1560,1
1561,2
1562,0
1563,1
1564,1
1565,2
1566,1
1567,0
1568,1
1569,2
1570,0
1571,2
1572,0
1573,2
1574,0
1575,4
1576,1
1577,6
1578,3
1579,1
1580,1
1581,1
1582,0
1583,1
1584,1
1585,0
1586,1
1587,1
1588,0
1589,0
1590,2
1591,1
1592,1
1593,1
1594,1
1595,0
1596,1
1597,1
1598,2
1599,0
1600,1
1601,1
1602,0
1603,2
1604,1
1605,0
1606,1
1607,0
1608,0
1609,0
1610,1
1611,2
1612,0
1613,0
1614,0
1615,0
1616,2
1617,0
1618,0
1619,2
1620,2
1621,0
1622,0
1623,3
1624,2
1625,1
1626,0
1627,0
1628,0
1629,4
1630,2
1631,1
1632,1
1633,0
1634,1
1635,1
1636,2
1637,5
1638,2
1639,2
1640,2
1641,2
1642,0
1643,0
1644,2
1645,3
1646,1
1647,4
1648,3
1649,0
1650,0
1651,1
1652,5
1653,1
1654,1
1655,0
1656,0
1657,0
1658,2
1659,0
1660,0
1661,1
1662,5
1663,1
1664,0
1665,1
1666,0
1667,2
1668,1
1669,0
1670,1
1671,1
1672,0
1673,0
1674,0
1675,0
1676,4
1677,0
1678,2
1679,0
1680,0
1681,2
1682,1
1683,1
1684,2
1685,0
1686,1
1687,3
1688,0
1689,1
1690,1
1691,1
1692,2
1693,2
1694,1
1695,1
1696,0
1697,1
1698,1
1699,0
1700,1
1701,1
1702,0
1703,2
1704,0
1705,1
1706,1
1707,0
1708,1
1709,2
1710,3
1711,1
1712,1
1713,0
1714,1
1715,2
1716,1
1717,3
1718,0
1719,3
1720,1
1721,0
1722,3
1723,2
1724,0
1725,2
1726,0
1727,0
1728,1
1729,2
1730,1
1731,3
1732,3
1733,0
1734,0
1735,0
1736,0
1737,2
1738,2
1739,3
1740,1
1741,0
1742,0
1743,2
1744,1
1745,2
1746,0
1747,2
1748,1
1749,5
1750,0
1751,1
1752,0
1753,1
1754,2
1755,0
1756,0
1757,2
1758,1
1759,1
1760,0
1761,2
1762,0
1763,1
1764,2
1765,0
1766,1
1767,0
1768,2
1769,0
1770,0
1771,1
1772,1
1773,2
1774,2
1775,3
1776,0
1777,0
1778,3
1779,0
1780,0
1781,0
1782,2
1783,1
1784,1
1785,0
1786,3
1787,2
1788,0
1789,1
1790,3
1791,1
1792,0
1793,2
1794,0
1795,3
1796,0
1797,3
1798,0
1799,3
1800,3
1801,0
1802,0
1803,1
1804,2
1805,2
1806,0
1807,1
1808,1
1809,2
1810,1
1811,0
1812,0
1813,0
1814,0
1815,1
1816,4
1817,2
1818,1
1819,4
1820,1
1821,2
1822,1
1823,1
1824,0
1825,0
1826,2
1827,0
1828,0
1829,3
1830,1
1831,0
1832,2
1833,3
1834,1
1835,1
1836,0
1837,4
1838,2
1839,1
1840,3
1841,0
1842,1
1843,0
1844,1
1845,0
1846,1
1847,1
1848,0
1849,1
1850,1
1851,1
1852,6
1853,3
1854,3
1855,2
1856,1
1857,1
1858,0
1859,0
1860,3
1861,0
1862,0
1863,0
1864,1
1865,2
1866,0
1867,1
1868,2
1869,1
1870,0
1871,3
1872,0
1873,0
1874,0
1875,1
1876,0
1877,0
1878,0
1879,1
1880,6
1881,2
1882,0
1883,3
1884,2
1885,1
1886,0
1887,1
1888,1
1889,1
1890,2
1891,1
1892,1
1893,3
1894,3
1895,4
1896,1
1897,2
1898,2
1899,0
1900,2
1901,0
1902,2
1903,0
1904,2
1905,0
1906,3
1907,0
1908,1
1909,2
1910,2
1911,4
1912,0
1913,0
1914,0
1915,1
1916,1
1917,0
1918,1
1919,2
1920,2
1921,1
1922,1
1923,0
1924,0
1925,0
1926,1
1927,0
1928,0
1929,3
1930,1
1931,0
1932,0
1933,0
1934,0
1935,0
1936,0
1937,1
1938,0
1939,2
1940,2
1941,0
1942,0
1943,0
1944,3
1945,1
1946,1
1947,2
1948,0
1949,2
1950,1
1951,0
1952,0
1953,4
1954,2
1955,1
1956,0
1957,1
1958,0
1959,2
1960,4
1961,2
1962,3
1963,2
1964,2
1965,0
1966,2
1967,0
1968,3
1969,0
1970,3
1971,3
1972,0
1973,2
1974,0
1975,2
1976,2
1977,2
1978,0
1979,0
1980,1
1981,2
1982,1
1983,0
1984,0
1985,0
1986,1
1987,0
1988,3
1989,2
1990,0
1991,0
1992,1
1993,0
1994,2
1995,1
1996,0
1997,0
1998,1
1999,0
2000,2
2001,2
2002,0
2003,2
2004,0
2005,1
2006,0
2007,0
2008,0
2009,0
2010,0
2011,0
2012,1
2013,1
2014,0
2015,2
2016,3
2017,2
2018,1
2019,1
2020,2
2021,1
2022,0
2023,2
2024,2
2025,0
2026,0
2027,2
2028,0
2029,1
2030,1
2031,0
2032,1
2033,0
2034,1
2035,1
2036,0
2037,1
2038,0
2039,0
2040,0
2041,0
2042,1
2043,2
2044,0
2045,0
2046,0
2047,1
2048,0
2049,1
2050,0
2051,1
2052,0
2053,0
2054,2
2055,0
2056,3
2057,1
2058,1
2059,0
2060,2
2061,0
2062,0
2063,1
2064,0
2065,0
2066,1
2067,1
2068,3
2069,0
2070,0
2071,0
2072,1
2073,0
2074,0
2075,0
2076,1
2077,0
2078,0
2079,1
2080,0
2081,1
2082,0
2083,1
2084,0
2085,1
2086,0
2087,0
2088,0
2089,0
2090,1
2091,1
2092,1
2093,0
2094,0
2095,1
2096,2
2097,1
2098,1
2099,0
2100,0
2101,4
2102,0
2103,0
2104,1
2105,1
2106,0
2107,2
2108,1
2109,0
2110,0
2111,0
2112,2
2113,1
2114,2
2115,0
2116,0
2117,0
2118,0
2119,1
2120,0
2121,1
2122,2
2123,1
2124,0
2125,2
2126,1
2127,2
2128,1
2129,0
2130,0
2131,2
2132,1
2133,0
2134,0
2135,2
2136,0
2137,0
2138,0
2139,0
2140,1
2141,1
2142,0
2143,0
2144,0
2145,1
2146,1
2147,2
2148,0
2149,0
2150,0
2151,0
2152,1
2153,0
2154,1
2155,0
2156,0
2157,1
2158,1
2159,1
2160,0
2161,0
2162,1
2163,0
2164,2
2165,1
2166,1
2167,0
2168,0
2169,1
2170,0
2171,0
2172,0
2173,0
2174,1
2175,0
2176,0
2177,0
2178,0
2179,1
2180,0
2181,0
2182,0
2183,0
2184,2
2185,0
2186,0
2187,1
2188,3
2189,1
2190,0
2191,1
2192,0
2193,1
2194,0
2195,1
2196,1
2197,0
2198,0
2199,0
2200,1
2201,2
2202,0
2203,0
2204,0
2205,2
2206,0
2207,0
2208,1
2209,2
2210,0
2211,0
2212,1
2213,1
2214,0
2215,0
2216,1
2217,0
2218,0
2219,1
2220,0
2221,0
2222,0
2223,1
2224,0
2225,1
2226,0
2227,1
2228,0
2229,2
2230,1
2231,2
2232,1
2233,0
2234,0
2235,1
2236,1
2237,1
2238,0
2239,1
2240,4
2241,0
2242,4
2243,1
2244,1
2245,1
2246,1
2247,1
2248,1
2249,0
2250,1
2251,0
2252,1
2253,2
2254,0
2255,0
2256,1
2257,0
2258,1
2259,3
2260,0
2261,1
2262,0
2263,2
2264,1
2265,1
2266,0
2267,0
2268,0
2269,0
2270,0
2271,1
2272,2
2273,0
2274,0
2275,0
2276,1
2277,2
2278,1
2279,1
2280,0
2281,0
2282,0
2283,2
2284,0
2285,0
2286,1
2287,0
2288,4
2289,0
2290,1
2291,1
2292,1
2293,0
2294,0
2295,0
2296,0
2297,1
2298,1
2299,0
2300,1
2301,1
2302,0
2303,1
2304,2
2305,0
2306,0
2307,1
2308,0
2309,0
2310,1
2311,2
2312,0
2313,0
2314,0
2315,1
2316,2
2317,0
2318,2
2319,1
2320,1
2321,1
2322,0
2323,1
2324,0
2325,0
2326,1
2327,1
2328,1
2329,1
2330,1
2331,0
2332,0
2333,1
2334,0
2335,0
2336,1
2337,0
2338,1
2339,0
2340,2
2341,0
2342,0
2343,0
2344,0
2345,2
2346,3
2347,0
2348,2
2349,0
2350,0
2351,0
2352,0
2353,0
2354,0
2355,1
2356,0
2357,2
2358,0
2359,0
2360,1
2361,0
2362,0
2363,0
2364,0
2365,1
2366,5
2367,1
2368,0
2369,2
2370,1
2371,0
2372,1
2373,0
2374,1
2375,0
2376,3
2377,2
2378,0
2379,0
2380,0
2381,0
2382,0
2383,1
2384,0
2385,1
2386,0
2387,1
2388,2
2389,0
2390,1
2391,1
2392,0
2393,0
2394,1
2395,0
2396,0
2397,2
2398,0
2399,0
2400,0
2401,0
2402,0
2403,1
2404,0
2405,2
2406,1
2407,0
2408,0
2409,0
2410,0
2411,1
2412,0
2413,0
2414,0
2415,1
2416,1
2417,0
2418,0
2419,3
2420,0
2421,0
2422,1
2423,0
2424,0
2425,0
2426,0
2427,0
2428,1
2429,2
2430,1
2431,0
2432,0
2433,0
2434,1
2435,0
2436,0
2437,0
2438,1
2439,2
2440,1
2441,2
2442,1
2443,2
2444,0
2445,1
2446,1
2447,1
2448,0
2449,2
2450,0
2451,1
2452,0
2453,0
2454,1
2455,1
2456,2
2457,0
2458,1
2459,1
2460,0
2461,0
2462,0
2463,3
2464,2
2465,0
2466,1
2467,0
2468,0
2469,1
2470,1
2471,1
2472,1
2473,1
2474,1
2475,0
2476,0
2477,0
2478,0
2479,2
2480,0
2481,3
2482,1
2483,0
2484,0
2485,1
2486,0
2487,0
2488,0
2489,1
2490,2
2491,2
2492,0
2493,1
2494,1
2495,0
2496,1
2497,2
2498,0
2499,2
2500,1
2501,1
2502,2
2503,1
2504,0
2505,0
2506,0
2507,3
2508,2
2509,1
2510,1
2511,2
2512,0
2513,0
2514,0
2515,2
2516,0
2517,0
2518,1
2519,0
2520,1
2521,2
2522,1
2523,0
2524,1
2525,0
2526,0
2527,1
2528,0
2529,0
2530,0
2531,0
2532,0
2533,1
2534,1
2535,0
2536,1
2537,0
2538,1
2539,0
2540,2
2541,1
2542,0
2543,0
2544,0
2545,0
2546,2
2547,0
2548,0
2549,0
2550,0
2551,1
2552,0
2553,1
2554,0
2555,0
2556,1
2557,2
2558,0
2559,0
2560,0
2561,1
2562,0
2563,1
2564,1
2565,0
2566,1
2567,0
2568,2
2569,0
2570,1
2571,0
2572,0
2573,1
2574,0
2575,1
2576,3
2577,1
2578,0
2579,0
2580,2
2581,1
2582,2
2583,2
2584,0
2585,0
2586,0
2587,0
2588,0
2589,5
2590,0
2591,1
2592,0
2593,0
2594,0
2595,0
2596,1
2597,1
2598,0
2599,4
2600,0
2601,1
2602,0
2603,0
2604,2
2605,3
2606,0
2607,0
2608,0
2609,0
2610,1
2611,0
2612,1
2613,1
2614,0
2615,0
2616,2
2617,1
2618,0
2619,1
2620,1
2621,0
2622,0
2623,0
2624,0
2625,1
2626,0
2627,0
2628,2
2629,0
2630,1
2631,0
2632,1
2633,0
2634,0
2635,0
2636,1
2637,2
2638,0
2639,0
2640,1
2641,0
2642,0
2643,2
2644,0
2645,1
2646,0
2647,2
2648,0
2649,1
2650,0
2651,0
2652,0
2653,0
2654,0
2655,1
2656,1
2657,0
2658,1
2659,3
2660,1
2661,0
2662,1
2663,0
2664,1
2665,2
2666,1
2667,0
2668,0
2669,1
2670,0
2671,2
2672,0
2673,1
2674,0
2675,3
2676,0
2677,2
2678,0
2679,1
2680,0
2681,0
2682,3
2683,1
2684,2
2685,1
2686,0
2687,3
2688,1
2689,0
2690,0
2691,2
2692,0
2693,0
2694,0
2695,0
2696,1
2697,2
2698,0
2699,0
2700,0
2701,1
2702,0
2703,0
2704,0
2705,0
2706,0
2707,1
2708,0
2709,1
2710,2
2711,1
2712,0
2713,0
2714,0
2715,0
2716,1
2717,1
2718,0
2719,0
2720,2
2721,1
2722,1
2723,0
2724,0
2725,0
2726,0
2727,1
2728,1
2729,2
2730,0
2731,1
2732,0
2733,0
2734,0
2735,1
2736,0
2737,0
2738,0
2739,1
2740,0
2741,0
2742,1
2743,1
2744,0
2745,0
2746,0
2747,1
2748,3
2749,1
2750,0
2751,2
2752,1
2753,3
2754,0
2755,1
2756,3
2757,1
2758,1
2759,0
2760,1
2761,2
2762,1
2763,1
2764,1
2765,0
2766,0
2767,0
2768,1
2769,1
2770,0
2771,0
2772,0
2773,0
2774,0
2775,2
2776,1
2777,0
2778,0
2779,2
2780,2
2781,0
2782,1
2783,0
2784,1
2785,0
2786,0
2787,2
2788,1
2789,1
2790,1
2791,2
2792,1
2793,0
2794,0
2795,0
2796,2
2797,0
2798,1
2799,2
2800,0
2801,0
2802,0
2803,0
2804,1
2805,1
2806,1
2807,0
2808,0
2809,0
2810,2
2811,0
2812,5
2813,0
2814,1
2815,2
2816,0
2817,3
2818,2
2819,1
2820,2
2821,0
2822,1
2823,0
2824,1
2825,1
2826,1
2827,0
2828,0
2829,4
2830,2
2831,1
2832,1
2833,0
2834,1
2835,0
2836,3
2837,0
2838,0
2839,0
2840,1
2841,0
2842,1
2843,2
2844,2
2845,3
2846,0
2847,0
2848,0
2849,1
2850,1
2851,1
2852,0
2853,0
2854,1
2855,2
2856,1
2857,0
2858,1
2859,1
2860,0
2861,1
2862,0
2863,1
2864,0
2865,1
2866,0
2867,0
2868,2
2869,0
2870,0
2871,1
2872,1
2873,3
2874,3
2875,1
2876,1
2877,0
2878,0
2879,1
2880,0
2881,1
2882,2
2883,0
2884,1
2885,0
2886,1
2887,0
2888,0
2889,1
2890,2
2891,1
2892,1
2893,0
2894,0
2895,1
2896,3
2897,0
2898,0
2899,2
2900,1
2901,1
2902,1
2903,0
2904,1
2905,1
2906,1
2907,3
2908,1
2909,0
2910,0
2911,0
2912,0
2913,0
2914,1
2915,0
2916,1
2917,2
2918,0
2919,0
2920,1
2921,1
2922,0
2923,0
2924,0
2925,0
2926,1
2927,1
2928,0
2929,0
2930,1
2931,1
2932,1
2933,0
2934,1
2935,0
2936,0
2937,0
2938,0
2939,1
2940,0
2941,2
2942,0
2943,0
2944,0
2945,0
2946,3
2947,0
2948,0
2949,0
2950,0
2951,1
2952,1
2953,0
2954,1
2955,1
2956,1
2957,1
2958,0
2959,0
2960,0
2961,0
2962,0
2963,0
2964,3
2965,2
2966,0
2967,2
2968,1
2969,2
2970,2
2971,0
2972,1
2973,1
2974,0
2975,1
2976,0
2977,0
2978,0
2979,0
2980,2
2981,1
2982,0
2983,0
2984,0
2985,0
2986,0
2987,1
2988,2
2989,0
2990,0
2991,0
2992,1
2993,2
2994,0
2995,0
2996,2
2997,1
2998,1
2999,0
3000,0
3001,1
3002,0
3003,0
3004,1
3005,0
3006,1
3007,0
3008,1
3009,0
3010,0
3011,2
3012,0
3013,3
3014,1
3015,0
3016,1
3017,2
3018,0
3019,0
3020,0
3021,0
3022,0
3023,0
3024,1
3025,1
3026,2
3027,0
3028,0
3029,0
3030,1
3031,1
3032,2
3033,1
3034,1
3035,4
3036,0
3037,1
3038,2
3039,0
3040,2
3041,0
3042,1
3043,0
3044,0
3045,3
3046,0
3047,1
3048,0
3049,1
3050,1
3051,1
3052,0
3053,1
3054,2
3055,0
3056,1
3057,0
3058,1
3059,0
3060,0
3061,2
3062,3
3063,0
3064,1
3065,0
3066,0
3067,1
3068,0
3069,1
3070,1
3071,0
3072,0
3073,1
3074,0
3075,0
3076,1
3077,1
3078,3
3079,0
3080,1
3081,0
3082,0
3083,1
3084,0
3085,1
3086,0
3087,1
3088,0
3089,0
3090,2
3091,0
3092,0
3093,1
3094,0
3095,1
3096,1
3097,0
3098,0
3099,0
3100,1
3101,1
3102,2
3103,1
3104,2
3105,1
3106,2
3107,0
3108,2
3109,1
3110,1
3111,0
3112,1
3113,0
3114,0
3115,0
3116,1
3117,0
3118,2
3119,0
3120,1
3121,0
3122,0
3123,2
3124,0
3125,1
3126,0
3127,1
3128,0
3129,1
3130,1
3131,1
3132,0
3133,2
3134,0
3135,1
3136,0
3137,1
3138,1
3139,1
3140,0
3141,0
3142,0
3143,1
3144,2
3145,0
3146,0
3147,0
3148,0
3149,0
3150,0
3151,1
3152,2
3153,0
3154,0
3155,1
3156,1
3157,0
3158,0
3159,0
3160,0
3161,2
3162,0
3163,1
3164,0
3165,1
3166,0
3167,1
3168,0
3169,0
3170,1
3171,1
3172,0
3173,0
3174,0
3175,0
3176,1
3177,1
3178,1
3179,1
3180,2
3181,0
3182,1
3183,1
3184,0
3185,1
3186,1
3187,0
3188,1
3189,1
3190,0
3191,0
3192,0
3193,0
3194,0
3195,0
3196,2
3197,1
3198,0
3199,0
3200,1
3201,0
3202,0
3203,0
3204,1
3205,2
3206,0
3207,0
3208,0
3209,0
3210,0
3211,0
3212,0
3213,0
3214,0
3215,1
3216,2
3217,1
3218,0
3219,2
3220,0
3221,0
3222,0
3223,0
3224,2
3225,2
3226,0
3227,2
3228,1
3229,2
3230,3
3231,1
3232,0
3233,0
3234,1
3235,2
3236,1
3237,0
3238,0
3239,1
3240,3
3241,0
3242,0
3243,0
3244,0
3245,2
3246,1
3247,1
3248,0
3249,1
3250,1
3251,0
3252,0
3253,0
3254,0
3255,0
3256,2
3257,1
3258,2
3259,1
3260,0
3261,1
3262,2
3263,1
3264,0
3265,1
3266,1
3267,0
3268,0
3269,0
3270,1
3271,0
3272,1
3273,0
3274,0
3275,0
3276,0
3277,0
3278,0
3279,0
3280,1
3281,0
3282,4
3283,1
3284,0
3285,1
3286,1
3287,0
3288,0
3289,0
3290,0
3291,2
3292,0
3293,0
3294,0
3295,2
3296,0
3297,3
3298,1
3299,1
3300,0
3301,0
3302,0
3303,0
3304,1
3305,0
3306,3
3307,0
3308,0
3309,0
3310,1
3311,0
3312,1
3313,1
3314,0
3315,1
3316,2
3317,1
3318,2
3319,0
3320,0
3321,0
3322,1
3323,0
3324,1
3325,0
3326,2
3327,0
3328,1
3329,2
3330,1
3331,0
3332,0
3333,0
3334,0
3335,0
3336,2
3337,0
3338,0
3339,0
3340,1
3341,0
3342,1
3343,2
3344,2
3345,1
3346,1
3347,0
3348,2
3349,0
3350,0
3351,0
3352,0
3353,0
3354,1
3355,0
3356,1
3357,0
3358,0
3359,1
3360,1
3361,1
3362,0
3363,0
3364,0
3365,1
3366,0
3367,0
3368,0
3369,0
3370,4
3371,0
3372,1
3373,0
3374,1
3375,0
3376,0
3377,2
3378,1
3379,2
3380,0
3381,1
3382,0
3383,1
3384,1
3385,1
3386,6
3387,1
3388,1
3389,5
3390,0
3391,0
3392,3
3393,0
3394,0
3395,1
3396,0
3397,2
3398,1
3399,0
3400,1
3401,0
3402,1
3403,0
3404,1
3405,0
3406,1
3407,0
3408,2
3409,2
3410,0
3411,0
3412,1
3413,2
3414,0
3415,0
3416,0
3417,0
3418,1
3419,0
3420,0
3421,1
3422,0
3423,1
3424,0
3425,2
3426,0
3427,1
3428,3
3429,0
3430,1
3431,2
3432,1
3433,1
3434,0
3435,2
3436,2
3437,1
3438,0
3439,1
3440,1
3441,0
3442,0
3443,2
3444,1
3445,1
3446,1
3447,0
3448,3
3449,0
3450,5
3451,1
3452,1
3453,0
3454,3
3455,0
3456,0
3457,1
3458,1
3459,0
3460,0
3461,0
3462,1
3463,2
3464,0
3465,1
3466,4
3467,1
3468,1
3469,0
3470,0
3471,0
3472,0
3473,3
3474,1
3475,0
3476,0
3477,1
3478,0
3479,1
3480,0
3481,0
3482,1
3483,0
3484,1
3485,0
3486,0
3487,2
3488,0
3489,0
3490,1
3491,2
3492,0
3493,1
3494,0
3495,1
3496,0
3497,1
3498,2
3499,1
3500,1
3501,1
3502,4
3503,2
3504,1
3505,3
3506,0
3507,1
3508,2
3509,0
3510,1
3511,0
3512,0
3513,1
3514,0
3515,0
3516,0
3517,0
3518,2
3519,1
3520,0
3521,0
3522,2
3523,1
3524,0
3525,1
3526,1
3527,0
3528,0
3529,0
3530,0
3531,0
3532,2
3533,0
3534,1
3535,1
3536,2
3537,1
3538,1
3539,2
3540,1
3541,1
3542,1
3543,1
3544,1
3545,0
3546,1
3547,0
3548,0
3549,0
3550,1
3551,0
3552,0
3553,1
3554,0
3555,1
3556,1
3557,0
3558,2
3559,0
3560,0
3561,0
3562,0
3563,0
3564,0
3565,0
3566,0
3567,1
3568,1
3569,0
3570,0
3571,0
3572,0
3573,1
3574,0
3575,1
3576,1
3577,1
3578,1
3579,0
3580,1
3581,0
3582,2
3583,1
3584,2
3585,1
3586,0
3587,0
3588,2
3589,0
3590,1
3591,2
3592,0
3593,1
3594,1
3595,1
3596,0
3597,1
3598,0
3599,0
3600,0
3601,3
3602,0
3603,1
3604,0
3605,1
3606,0
3607,1
3608,0
3609,2
3610,0
3611,1
3612,5
3613,1
3614,1
3615,2
3616,1
3617,0
3618,0
3619,1
3620,0
3621,0
3622,0
3623,0
3624,2
3625,2
3626,0
3627,2
3628,0
3629,1
3630,1
3631,2
3632,1
3633,0
3634,0
3635,1
3636,0
3637,1
3638,0
3639,0
3640,1
3641,1
3642,0
3643,1
3644,1
3645,1
3646,2
3647,0
3648,0
3649,0
3650,0
3651,1
3652,0
3653,0
3654,0
3655,0
3656,1
3657,1
3658,1
3659,0
3660,2
3661,1
3662,0
3663,0
3664,0
3665,4
3666,2
3667,0
3668,2
3669,0
3670,0
3671,1
3672,1
3673,1
3674,2
3675,1
3676,0
3677,1
3678,0
3679,0
3680,0
3681,0
3682,0
3683,1
3684,0
3685,1
3686,1
3687,1
3688,0
3689,0
3690,0
3691,0
3692,0
3693,1
3694,1
3695,0
3696,0
3697,0
3698,1
3699,0
3700,0
3701,0
3702,2
3703,0
3704,1
3705,2
3706,1
3707,0
3708,1
3709,0
3710,0
3711,1
3712,1
3713,1
3714,0
3715,1
3716,0
3717,0
3718,1
3719,1
3720,0
3721,2
3722,0
3723,0
3724,0
3725,1
3726,0
3727,0
3728,0
3729,0
3730,4
3731,1
3732,0
3733,1
3734,0
3735,1
3736,2
3737,1
3738,1
3739,1
3740,0
3741,1
3742,2
3743,1
3744,0
3745,0
3746,2
3747,1
3748,1
3749,0
3750,2
3751,1
3752,1
3753,2
3754,1
3755,0
3756,1
3757,0
3758,1
3759,0
3760,1
3761,2
3762,0
3763,1
3764,0
3765,2
3766,2
3767,1
3768,0
3769,0
3770,0
3771,1
3772,1
3773,0
3774,1
3775,1
3776,1
3777,1
3778,1
3779,1
3780,0
3781,0
3782,0
3783,2
3784,0
3785,0
3786,2
3787,1
3788,0
3789,1
3790,0
3791,0
3792,1
3793,1
3794,0
3795,2
3796,0
3797,0
3798,0
3799,1
3800,1
3801,0
3802,1
3803,1
3804,0
3805,0
3806,0
3807,1
3808,1
3809,1
3810,2
3811,1
3812,1
3813,0
3814,2
3815,1
3816,0
3817,0
3818,0
3819,0
3820,0
3821,0
3822,0
3823,0
3824,2
3825,0
3826,2
3827,0
3828,1
3829,0
3830,2
3831,1
3832,2
3833,0
3834,1
3835,1
3836,1
3837,2
3838,1
3839,3
3840,0
3841,0
3842,1
3843,0
3844,0
3845,2
3846,0
3847,1
3848,1
3849,1
3850,0
3851,2
3852,1
3853,2
3854,0
3855,0
3856,1
3857,1
3858,0
3859,0
3860,2
3861,1
3862,3
3863,0
3864,0
3865,0
3866,1
3867,0
3868,0
3869,1
3870,2
3871,0
3872,1
3873,0
3874,0
3875,2
3876,0
3877,0
3878,0
3879,3
3880,1
3881,1
3882,2
3883,2
3884,0
3885,0
3886,1
3887,0
3888,1
3889,0
3890,0
3891,1
3892,0
3893,1
3894,0
3895,0
3896,1
3897,1
3898,4
3899,0
3900,2
3901,2
3902,0
3903,3
3904,0
3905,0
3906,0
3907,2
3908,1
3909,0
3910,0
3911,1
3912,1
3913,0
3914,0
3915,0
3916,0
3917,0
3918,0
3919,1
3920,1
3921,0
3922,1
3923,0
3924,1
3925,1
3926,1
3927,1
3928,0
3929,0
3930,2
3931,1
3932,2
3933,1
3934,2
3935,1
3936,0
3937,0
3938,0
3939,0
3940,2
3941,1
3942,0
3943,2
3944,1
3945,0
3946,0
3947,0
3948,1
3949,2
3950,0
3951,1
3952,0
3953,0
3954,1
3955,0
3956,0
3957,1
3958,2
3959,1
3960,0
3961,1
3962,2
3963,1
3964,1
3965,0
3966,1
3967,0
3968,0
3969,1
3970,1
3971,0
3972,0
3973,1
3974,1
3975,1
3976,1
3977,1
3978,0
3979,1
3980,1
3981,1
3982,1
3983,0
3984,1
3985,0
3986,1
3987,1
3988,1
3989,1
3990,0
3991,0
3992,1
3993,0
3994,0
3995,0
3996,0
3997,0
3998,0
3999,1
4000,0
4001,1
4002,1
4003,0
4004,0
4005,0
4006,1
4007,0
4008,2
4009,0
4010,0
4011,1
4012,2
4013,1
4014,0
4015,0
4016,0
4017,0
4018,0
4019,0
4020,0
4021,0
4022,2
4023,0
4024,0
4025,0
4026,0
4027,1
4028,0
4029,0
4030,0
4031,3
4032,3
4033,2
4034,0
4035,0
4036,1
4037,1
4038,2
4039,1
4040,0
4041,1
4042,0
4043,3
4044,1
4045,1
4046,1
4047,1
4048,0
4049,0
4050,1
4051,0
4052,1
4053,0
4054,2
4055,1
4056,0
4057,0
4058,0
4059,1
4060,0
4061,2
4062,2
4063,1
4064,1
4065,2
4066,0
4067,0
4068,0
4069,0
4070,0
4071,1
4072,0
4073,0
4074,1
4075,0
4076,1
4077,0
4078,0
4079,0
4080,4
4081,1
4082,0
4083,0
4084,0
4085,1
4086,1
4087,0
4088,0
4089,1
4090,1
4091,1
4092,1
4093,1
4094,0
4095,2
4096,1
4097,2
4098,1
4099,0
4100,0
4101,2
4102,0
4103,1
4104,0
4105,0
4106,0
4107,1
4108,0
4109,0
4110,2
4111,1
4112,0
4113,1
4114,0
4115,0
4116,1
4117,1
4118,0
4119,1
4120,0
4121,0
4122,0
4123,0
4124,1
4125,0
4126,1
4127,0
4128,0
4129,3
4130,0
4131,1
4132,0
4133,1
4134,0
4135,0
4136,1
4137,1
4138,0
4139,0
4140,0
4141,0
4142,0
4143,1
4144,0
4145,1
4146,0
4147,0
4148,0
4149,1
4150,1
4151,2
4152,1
4153,2
4154,0
4155,0
4156,0
4157,1
4158,1
4159,0
4160,1
4161,0
4162,1
4163,0
4164,1
4165,0
4166,3
4167,0
4168,1
4169,1
4170,0
4171,1
4172,1
4173,0
4174,0
4175,1
4176,0
4177,1
4178,0
4179,1
4180,1
4181,0
4182,1
4183,2
4184,0
4185,1
4186,0
4187,2
4188,1
4189,1
4190,1
4191,2
4192,0
4193,0
4194,0
4195,2
4196,0
4197,0
4198,1
4199,0
4200,2
4201,1
4202,1
4203,0
4204,2
4205,1
4206,2
4207,1
4208,0
4209,3
4210,0
4211,0
4212,1
4213,1
4214,0
4215,1
4216,0
4217,1
4218,2
4219,1
4220,2
4221,1
4222,1
4223,0
4224,1
4225,0
4226,0
4227,1
4228,1
4229,0
4230,1
4231,0
4232,0
4233,0
4234,0
4235,1
4236,0
4237,1
4238,1
4239,0
4240,0
4241,1
4242,2
4243,0
4244,0
4245,0
4246,2
4247,0
4248,2
4249,0
4250,1
4251,2
4252,0
4253,0
4254,0
4255,3
4256,0
4257,0
4258,1
4259,3
4260,1
4261,0
4262,0
4263,0
4264,1
4265,3
4266,2
4267,0
4268,1
4269,0
4270,0
4271,1
4272,0
4273,0
4274,0
4275,0
4276,1
4277,0
4278,0
4279,1
4280,1
4281,0
4282,0
4283,0
4284,1
4285,0
4286,0
4287,1
4288,1
4289,1
4290,2
4291,1
4292,2
4293,0
4294,0
4295,0
4296,5
4297,0
4298,0
4299,1
4300,1
4301,0
4302,0
4303,4
4304,1
4305,0
4306,0
4307,1
4308,0
4309,0
4310,0
4311,0
4312,0
4313,2
4314,2
4315,0
4316,0
4317,0
4318,1
4319,0
4320,0
4321,0
4322,2
4323,0
4324,0
4325,2
4326,1
4327,1
4328,1
4329,0
4330,1
4331,1
4332,1
4333,1
4334,0
4335,1
4336,0
4337,2
4338,1
4339,2
4340,2
4341,0
4342,0
4343,2
4344,0
4345,0
4346,1
4347,0
4348,0
4349,1
4350,0
4351,0
4352,0
4353,0
4354,0
4355,0
4356,0
4357,1
4358,1
4359,1
4360,0
4361,1
4362,1
4363,0
4364,1
4365,1
4366,0
4367,2
4368,0
4369,4
4370,1
4371,1
4372,1
4373,1
4374,0
4375,2
4376,1
4377,1
4378,0
4379,0
4380,3
4381,1
4382,1
4383,0
4384,0
4385,0
4386,0
4387,0
4388,0
4389,3
4390,0
4391,0
4392,0
4393,0
4394,0
4395,1
4396,0
4397,0
4398,1
4399,0
4400,0
4401,0
4402,1
4403,0
4404,0
4405,1
4406,2
4407,2
4408,1
4409,0
4410,1
4411,0
4412,2
4413,0
4414,1
4415,1
4416,0
4417,1
4418,1
4419,0
4420,0
4421,1
4422,1
4423,0
4424,1
4425,0
4426,0
4427,0
4428,0
4429,1
4430,0
4431,0
4432,2
4433,1
4434,0
4435,2
4436,0
4437,0
4438,3
4439,3
4440,2
4441,0
4442,2
4443,0
4444,0
4445,0
4446,1
4447,1
4448,0
4449,2
4450,0
4451,1
4452,0
4453,1
4454,0
4455,0
4456,2
4457,4
4458,0
4459,1
4460,0
4461,2
4462,2
4463,1
4464,0
4465,0
4466,1
4467,0
4468,0
4469,1
4470,3
4471,0
4472,2
4473,0
4474,0
4475,0
4476,1
4477,1
4478,0
4479,0
4480,1
4481,1
4482,0
4483,1
4484,0
4485,2
4486,0
4487,1
4488,0
4489,0
4490,2
4491,1
4492,0
4493,0
4494,1
4495,1
4496,1
4497,3
4498,1
4499,0
4500,1
4501,0
4502,1
4503,1
4504,2
4505,2
4506,1
4507,3
4508,1
4509,1
4510,0
4511,1
4512,2
4513,1
4514,1
4515,0
4516,0
4517,1
4518,0
4519,1
4520,2
4521,2
4522,1
4523,0
4524,0
4525,0
4526,2
4527,2
4528,0
4529,3
4530,0
4531,1
4532,0
4533,2
4534,2
4535,1
4536,0
4537,0
4538,4
4539,0
4540,0
4541,0
4542,3
4543,0
4544,3
4545,1
4546,0
4547,1
4548,0
4549,0
4550,1
4551,0
4552,1
4553,0
4554,0
4555,1
4556,2
4557,0
4558,1
4559,0
4560,1
4561,0
4562,2
4563,1
4564,1
4565,0
4566,0
4567,1
4568,3
4569,0
4570,0
4571,0
4572,0
4573,0
4574,0
4575,0
4576,1
4577,1
4578,1
4579,1
4580,3
4581,1
4582,0
4583,1
4584,0
4585,1
4586,1
4587,1
4588,1
4589,0
4590,2
4591,0
4592,1
4593,0
4594,1
4595,0
4596,3
4597,0
4598,0
4599,0
4600,0
4601,0
4602,0
4603,0
4604,1
4605,0
4606,0
4607,1
4608,1
4609,1
4610,0
4611,2
4612,0
4613,0
4614,1
4615,0
4616,1
4617,1
4618,0
4619,1
4620,0
4621,1
4622,0
4623,2
4624,1
4625,0
4626,0
4627,0
4628,0
4629,0
4630,0
4631,1
4632,1
4633,2
4634,0
4635,1
4636,0
4637,1
4638,0
4639,0
4640,1
4641,0
4642,1
4643,1
4644,0
4645,0
4646,0
4647,2
4648,2
4649,1
4650,0
4651,0
4652,1
4653,0
4654,4
4655,1
4656,1
4657,1
4658,0
4659,0
4660,0
4661,0
4662,1
4663,1
4664,1
4665,0
4666,0
4667,1
4668,0
4669,0
4670,0
4671,1
4672,0
4673,1
4674,0
4675,0
4676,1
4677,1
4678,0
4679,0
4680,0
4681,0
4682,1
4683,0
4684,1
4685,0
4686,2
4687,0
4688,2
4689,1
4690,1
4691,1
4692,0
4693,1
4694,1
4695,1
4696,1
4697,0
4698,0
4699,1
4700,0
4701,3
4702,0
4703,0
4704,0
4705,4
4706,2
4707,0
4708,0
4709,2
4710,0
4711,0
4712,0
4713,2
4714,0
4715,1
4716,2
4717,1
4718,1
4719,1
4720,0
4721,1
4722,0
4723,1
4724,0
4725,0
4726,0
4727,2
4728,0
4729,2
4730,1
4731,0
4732,0
4733,0
4734,0
4735,0
4736,0
4737,1
4738,0
4739,0
4740,0
4741,0
4742,1
4743,0
4744,0
4745,1
4746,2
4747,0
4748,1
4749,0
4750,0
4751,0
4752,0
4753,1
4754,0
4755,1
4756,2
4757,1
4758,0
4759,1
4760,0
4761,2
4762,0
4763,0
4764,1
4765,0
4766,0
4767,2
4768,1
4769,1
4770,2
4771,0
4772,0
4773,0
4774,1
4775,0
4776,0
4777,2
4778,0
4779,1
4780,0
4781,1
4782,0
4783,0
4784,1
4785,0
4786,1
4787,0
4788,0
4789,1
4790,0
4791,1
4792,1
4793,0
4794,0
4795,1
4796,1
4797,0
4798,0
4799,0
4800,1
4801,3
4802,1
4803,0
4804,0
4805,0
4806,0
4807,0
4808,0
4809,0
4810,0
4811,0
4812,1
4813,0
4814,2
4815,0
4816,1
4817,0
4818,1
4819,0
4820,1
4821,0
4822,0
4823,0
4824,0
4825,1
4826,2
4827,3
4828,1
4829,2
4830,1
4831,0
4832,0
4833,1
4834,1
4835,1
4836,1
4837,1
4838,1
4839,0
4840,2
4841,1
4842,2
4843,0
4844,0
4845,2
4846,0
4847,2
4848,0
4849,1
4850,1
4851,0
4852,2
4853,0
4854,2
4855,1
4856,0
4857,2
4858,2
4859,0
4860,0
4861,1
4862,1
4863,2
4864,1
4865,2
4866,0
4867,0
4868,2
4869,0
4870,1
4871,0
4872,0
4873,2
4874,0
4875,1
4876,2
4877,0
4878,5
4879,3
4880,3
4881,1
4882,1
4883,0
4884,1
4885,2
4886,2
4887,1
4888,0
4889,0
4890,1
4891,2
4892,0
4893,1
4894,4
4895,3
4896,0
4897,1
4898,1
4899,0
4900,0
4901,0
4902,0
4903,0
4904,0
4905,0
4906,3
4907,2
4908,1
4909,1
4910,2
4911,3
4912,1
4913,3
4914,2
4915,1
4916,0
4917,1
4918,1
4919,3
4920,1
4921,1
4922,2
4923,0
4924,0
4925,1
4926,0
4927,0
4928,1
4929,2
4930,0
4931,1
4932,1
4933,1
4934,3
4935,1
4936,0
4937,0
4938,0
4939,1
4940,0
4941,0
4942,0
4943,1
4944,1
4945,2
4946,2
4947,0
4948,1
4949,0
4950,0
4951,3
4952,1
4953,0
4954,3
4955,1
4956,0
4957,1
4958,2
4959,2
4960,1
4961,0
4962,0
4963,1
4964,1
4965,1
4966,1
4967,1
4968,1
4969,1
4970,2
4971,2
4972,0
4973,2
4974,2
4975,4
4976,1
4977,1
4978,1
4979,1
4980,1
4981,0
4982,0
4983,1
4984,1
4985,0
4986,2
4987,1
4988,1
4989,0
4990,1
4991,3
4992,1
4993,1
4994,0
4995,0
4996,1
4997,0
4998,0
4999,1
5000,1
5001,0
5002,2
5003,0
5004,3
5005,2
5006,1
5007,1
5008,2
5009,2
5010,0
5011,1
5012,4
5013,3
5014,2
5015,0
5016,1
5017,1
5018,1
5019,1
5020,2
5021,0
5022,1
5023,1
5024,0
5025,0
5026,1
5027,0
5028,1
5029,0
5030,0
5031,1
5032,1
5033,1
5034,0
5035,2
5036,0
5037,0
5038,0
5039,1
5040,2
5041,3
5042,1
5043,0
5044,1
5045,1
5046,1
5047,1
5048,0
5049,1
5050,2
5051,0
5052,0
5053,0
5054,0
5055,0
5056,2
5057,1
5058,1
5059,2
5060,0
5061,0
5062,0
5063,0
5064,0
5065,3
5066,1
5067,0
5068,0
5069,4
5070,3
5071,0
5072,1
5073,0
5074,1
5075,2
5076,0
5077,1
5078,1
5079,1
5080,1
5081,0
5082,0
5083,2
5084,0
5085,1
5086,0
5087,1
5088,1
5089,1
5090,1
5091,2
5092,1
5093,1
5094,0
5095,0
5096,1
5097,2
5098,1
5099,0
5100,3
5101,0
5102,1
5103,0
5104,3
5105,0
5106,0
5107,3
5108,0
5109,0
5110,2
5111,0
5112,1
5113,1
5114,1
5115,0
5116,4
5117,0
5118,1
5119,1
5120,1
5121,1
5122,1
5123,2
5124,1
5125,1
5126,1
5127,1
5128,0
5129,1
5130,0
5131,1
5132,0
5133,2
5134,0
5135,0
5136,0
5137,0
5138,2
5139,2
5140,1
5141,0
5142,2
5143,1
5144,1
5145,0
5146,1
5147,0
5148,1
5149,0
5150,2
5151,0
5152,2
5153,0
5154,0
5155,2
5156,0
5157,2
5158,0
5159,0
5160,2
5161,0
5162,1
5163,1
5164,0
5165,1
5166,1
5167,0
5168,3
5169,1
5170,1
5171,1
5172,0
5173,1
5174,2
5175,1
5176,1
5177,0
5178,3
5179,2
5180,2
5181,1
5182,0
5183,2
5184,1
5185,1
5186,1
5187,1
5188,2
5189,1
5190,1
5191,0
5192,0
5193,2
5194,0
5195,0
5196,1
5197,1
5198,1
5199,0
5200,3
5201,2
5202,0
5203,0
5204,2
5205,3
5206,0
5207,1
5208,1
5209,3
5210,0
5211,0
5212,0
5213,2
5214,2
5215,1
5216,1
5217,0
5218,2
5219,0
5220,1
5221,0
5222,1
5223,2
5224,2
5225,1
5226,2
5227,2
5228,0
5229,2
5230,0
5231,0
5232,0
5233,1
5234,0
5235,0
5236,1
5237,0
5238,0
5239,2
5240,0
5241,1
5242,0
5243,0
5244,1
5245,1
5246,1
5247,0
5248,2
5249,0
5250,1
5251,2
5252,0
5253,0
5254,1
5255,2
5256,2
5257,0
5258,1
5259,0
5260,0
5261,0
5262,0
5263,0
5264,1
5265,1
5266,4
5267,1
5268,2
5269,1
5270,1
5271,0
5272,2
5273,1
5274,5
5275,1
5276,0
5277,0
5278,1
5279,1
5280,1
5281,0
5282,0
5283,3
5284,1
5285,0
5286,0
5287,1
5288,1
5289,0
5290,0
5291,1
5292,3
5293,1
5294,0
5295,1
5296,1
5297,1
5298,1
5299,0
5300,0
5301,2
5302,1
5303,2
5304,0
5305,1
5306,0
5307,0
5308,0
5309,2
5310,2
5311,1
5312,1
5313,0
5314,1
5315,0
5316,1
5317,1
5318,0
5319,0
5320,0
5321,3
5322,0
5323,0
5324,4
5325,1
5326,1
5327,1
5328,2
5329,1
5330,0
5331,2
5332,2
5333,0
5334,0
5335,1
5336,0
5337,1
5338,1
5339,0
5340,1
5341,1
5342,1
5343,3
5344,0
5345,3
5346,0
5347,0
5348,3
5349,2
5350,0
5351,0
5352,2
5353,4
5354,0
5355,0
5356,1
5357,0
5358,0
5359,2
5360,1
5361,1
5362,2
5363,1
5364,1
5365,3
5366,2
5367,1
5368,0
5369,0
5370,0
5371,0
5372,0
5373,1
5374,1
5375,2
5376,0
5377,0
5378,1
5379,1
5380,1
5381,2
5382,1
5383,0
5384,0
5385,2
5386,0
5387,3
5388,0
5389,2
5390,1
5391,1
5392,0
5393,1
5394,1
5395,1
5396,1
5397,3
5398,1
5399,1
5400,1
5401,1
5402,1
5403,2
5404,0
5405,2
5406,3
5407,0
5408,0
5409,2
5410,3
5411,2
5412,2
5413,1
5414,0
5415,0
5416,2
5417,4
5418,2
5419,0
5420,0
5421,1
5422,4
5423,1
5424,1
5425,1
5426,1
5427,0
5428,2
5429,1
5430,1
5431,1
5432,0
5433,1
5434,0
5435,1
5436,2
5437,1
5438,2
5439,5
5440,0
5441,1
5442,1
5443,0
5444,1
5445,4
5446,0
5447,2
5448,2
5449,2
5450,3
5451,2
5452,2
5453,1
5454,0
5455,1
5456,0
5457,1
5458,2
5459,1
5460,1
5461,2
5462,1
5463,0
5464,3
5465,1
5466,0
5467,0
5468,1
5469,0
5470,1
5471,0
5472,1
5473,1
5474,1
5475,2
5476,0
5477,1
5478,0
5479,0
5480,1
5481,2
5482,1
5483,0
5484,0
5485,0
5486,1
5487,1
5488,2
5489,0
5490,2
5491,2
5492,2
5493,1
5494,1
5495,2
5496,0
5497,1
5498,2
5499,3
5500,2
5501,0
5502,0
5503,0
5504,1
5505,2
5506,0
5507,1
5508,0
5509,0
5510,2
5511,1
5512,1
5513,3
5514,0
5515,1
5516,0
5517,4
5518,1
5519,1
5520,1
5521,1
5522,3
5523,0
5524,0
5525,0
5526,2
5527,1
5528,1
5529,0
5530,2
5531,0
5532,0
5533,1
5534,0
5535,0
5536,3
5537,0
5538,0
5539,3
5540,3
5541,2
5542,2
5543,1
5544,2
5545,1
5546,2
5547,1
5548,2
5549,0
5550,0
5551,4
5552,2
5553,2
5554,0
5555,1
5556,1
5557,0
5558,1
5559,0
5560,0
5561,2
5562,1
5563,2
5564,4
5565,2
5566,2
5567,0
5568,2
5569,3
5570,1
5571,0
5572,1
5573,1
5574,0
5575,1
5576,0
5577,1
5578,2
5579,0
5580,0
5581,1
5582,3
5583,1
5584,0
5585,0
5586,0
5587,0
5588,1
5589,1
5590,1
5591,0
5592,0
5593,0
5594,0
5595,3
5596,0
5597,0
5598,0
5599,1
5600,1
5601,0
5602,1
5603,0
5604,1
5605,0
5606,0
5607,3
5608,2
5609,1
5610,0
5611,0
5612,0
5613,0
5614,4
5615,0
5616,1
5617,0
5618,1
5619,0
5620,0
5621,1
5622,0
5623,1
5624,2
5625,2
5626,0
5627,1
5628,0
5629,1
5630,2
5631,0
5632,1
5633,2
5634,0
5635,1
5636,1
5637,1
5638,2
5639,0
5640,1
5641,0
5642,1
5643,2
5644,1
5645,3
5646,1
5647,1
5648,3
5649,1
5650,0
5651,3
5652,2
5653,1
5654,0
5655,1
5656,1
5657,3
5658,2
5659,0
5660,2
5661,2
5662,1
5663,0
5664,0
5665,0
5666,1
5667,0
5668,1
5669,0
5670,1
5671,0
5672,1
5673,1
5674,0
5675,1
5676,1
5677,1
5678,1
5679,2
5680,0
5681,0
5682,0
5683,0
5684,0
5685,1
5686,0
5687,0
5688,0
5689,0
5690,1
5691,0
5692,0
5693,2
5694,2
5695,1
5696,0
5697,2
5698,1
5699,0
5700,0
5701,1
5702,2
5703,0
5704,2
5705,1
5706,0
5707,1
5708,0
5709,0
5710,2
5711,1
5712,1
5713,1
5714,1
5715,2
5716,0
5717,1
5718,1
5719,0
5720,0
5721,2
5722,0
5723,1
5724,1
5725,0
5726,0
5727,1
5728,0
5729,0
5730,1
5731,0
5732,2
5733,2
5734,2
5735,1
5736,2
5737,0
5738,1
5739,1
5740,1
5741,2
5742,1
5743,1
5744,1
5745,2
5746,2
5747,0
5748,0
5749,0
5750,1
5751,1
5752,2
5753,1
5754,0
5755,0
5756,2
5757,3
5758,0
5759,0
5760,0
5761,2
5762,1
5763,0
5764,0
5765,0
5766,1
5767,1
5768,3
5769,1
5770,0
5771,0
5772,1
5773,0
5774,0
5775,0
5776,1
5777,0
5778,2
5779,1
5780,1
5781,3
5782,2
5783,0
5784,0
5785,0
5786,1
5787,0
5788,1
5789,1
5790,1
5791,1
5792,1
5793,2
5794,0
5795,0
5796,1
5797,0
5798,1
5799,1
5800,0
5801,1
5802,1
5803,4
5804,2
5805,0
5806,2
5807,2
5808,2
5809,2
5810,1
5811,0
5812,0
5813,1
5814,2
5815,2
5816,1
5817,0
5818,3
5819,1
5820,0
5821,0
5822,1
5823,1
5824,0
5825,0
5826,1
5827,0
5828,0
5829,0
5830,0
5831,3
5832,1
5833,1
5834,2
5835,0
5836,1
5837,0
5838,2
5839,1
5840,0
5841,2
5842,1
5843,3
5844,1
5845,0
5846,2
5847,1
5848,0
5849,1
5850,0
5851,1
5852,2
5853,1
5854,0
5855,1
5856,1
5857,0
5858,1
5859,1
5860,0
5861,0
5862,1
5863,1
5864,0
5865,0
5866,0
5867,1
5868,0
5869,2
5870,1
5871,3
5872,1
5873,3
5874,1
5875,2
5876,1
5877,1
5878,0
5879,0
5880,2
5881,2
5882,3
5883,1
5884,4
5885,3
5886,0
5887,2
5888,1
5889,0
5890,5
5891,0
5892,0
5893,0
5894,0
5895,2
5896,1
5897,2
5898,0
5899,0
5900,1
5901,1
5902,0
5903,2
5904,2
5905,3
5906,2
5907,0
5908,1
5909,0
5910,2
5911,2
5912,1
5913,1
5914,1
5915,4
5916,0
5917,0
5918,0
5919,0
5920,2
5921,1
5922,2
5923,2
5924,2
5925,1
5926,1
5927,1
5928,0
5929,1
5930,3
5931,0
5932,3
5933,1
5934,0
5935,0
5936,5
5937,2
5938,0
5939,0
5940,1
5941,1
5942,1
5943,1
5944,1
5945,0
5946,2
5947,1
5948,3
5949,1
5950,1
5951,0
5952,0
5953,0
5954,0
5955,0
5956,1
5957,0
5958,0
5959,0
5960,1
5961,1
5962,2
5963,1
5964,2
5965,1
5966,1
5967,0
5968,1
5969,0
5970,3
5971,2
5972,3
5973,2
5974,2
5975,0
5976,0
5977,0
5978,0
5979,0
5980,0
5981,0
5982,0
5983,1
5984,2
5985,2
5986,3
5987,0
5988,1
5989,0
5990,1
5991,0
5992,2
5993,1
5994,1
5995,1
5996,0
5997,1
5998,1
5999,0
6000,0
6001,1
6002,1
6003,0
6004,2
6005,1
6006,2
6007,1
6008,3
6009,0
6010,2
6011,2
6012,0
6013,1
6014,1
6015,0
6016,1
6017,0
6018,1
6019,0
6020,0
6021,1
6022,1
6023,1
6024,1
6025,1
6026,1
6027,0
6028,0
6029,1
6030,1
6031,1
6032,1
6033,0
6034,0
6035,0
6036,0
6037,1
6038,0
6039,0
6040,1
6041,0
6042,0
6043,2
6044,0
6045,1
6046,3
6047,2
6048,3
6049,0
6050,0
6051,3
6052,1
6053,0
6054,3
6055,0
6056,1
6057,1
6058,0
6059,0
6060,0
6061,1
6062,1
6063,1
6064,1
6065,1
6066,1
6067,1
6068,2
6069,2
6070,3
6071,3
6072,0
6073,1
6074,1
6075,0
6076,1
6077,1
6078,1
6079,1
6080,0
6081,1
6082,0
6083,2
6084,1
6085,1
6086,0
6087,1
6088,0
6089,2
6090,0
6091,0
6092,2
6093,0
6094,1
6095,0
6096,2
6097,1
6098,0
6099,1
6100,0
6101,0
6102,2
6103,3
6104,3
6105,0
6106,4
6107,4
6108,4
6109,1
6110,4
6111,1
6112,0
6113,3
6114,0
6115,1
6116,1
6117,0
6118,0
6119,0
6120,0
6121,0
6122,2
6123,2
6124,0
6125,0
6126,0
6127,0
6128,0
6129,0
6130,0
6131,0
6132,0
6133,1
6134,0
6135,1
6136,2
6137,0
6138,0
6139,0
6140,1
6141,1
6142,1
6143,1
6144,0
6145,0
6146,3
6147,0
6148,0
6149,2
6150,2
6151,1
6152,2
6153,1
6154,1
6155,2
6156,0
6157,1
6158,0
6159,0
6160,0
6161,2
6162,2
6163,3
6164,0
6165,2
6166,1
6167,0
6168,0
6169,2
6170,0
6171,0
6172,2
6173,0
6174,1
6175,0
6176,0
6177,1
6178,3
6179,2
6180,0
6181,0
6182,2
6183,1
6184,4
6185,3
6186,1
6187,0
6188,2
6189,1
6190,1
6191,1
6192,3
6193,2
6194,0
6195,2
6196,2
6197,0
6198,1
6199,0
6200,2
6201,1
6202,1
6203,0
6204,1
6205,2
6206,0
6207,0
6208,1
6209,0
6210,0
6211,2
6212,0
6213,1
6214,0
6215,0
6216,0
6217,1
6218,0
6219,1
6220,0
6221,0
6222,1
6223,0
6224,0
6225,2
6226,2
6227,0
6228,2
6229,0
6230,4
6231,1
6232,2
6233,0
6234,1
6235,1
6236,1
6237,1
6238,0
6239,2
6240,0
6241,0
6242,1
6243,1
6244,0
6245,1
6246,0
6247,1
6248,1
6249,1
6250,3
6251,1
6252,1
6253,1
6254,2
6255,1
6256,1
6257,1
6258,2
6259,1
6260,1
6261,2
6262,0
6263,0
6264,2
6265,1
6266,2
6267,0
6268,1
6269,1
6270,1
6271,2
6272,1
6273,1
6274,2
6275,3
6276,0
6277,0
6278,0
6279,2
6280,1
6281,0
6282,0
6283,3
6284,0
6285,3
6286,1
6287,1
6288,1
6289,1
6290,1
6291,1
6292,2
6293,1
6294,1
6295,0
6296,1
6297,2
6298,1
6299,1
6300,1
6301,3
6302,1
6303,1
6304,3
6305,0
6306,1
6307,0
6308,0
6309,0
6310,0
6311,1
6312,3
6313,1
6314,1
6315,1
6316,3
6317,0
6318,0
6319,0
6320,0
6321,1
6322,3
6323,3
6324,1
6325,1
6326,0
6327,0
6328,0
6329,0
6330,0
6331,1
6332,1
6333,0
6334,1
6335,1
6336,0
6337,1
6338,0
6339,3
6340,2
6341,0
6342,3
6343,3
6344,0
6345,0
6346,0
6347,0
6348,0
6349,2
6350,1
6351,2
6352,1
6353,3
6354,1
6355,4
6356,1
6357,1
6358,0
6359,0
6360,2
6361,1
6362,3
6363,0
6364,4
6365,0
6366,0
6367,1
6368,3
6369,0
6370,0
6371,0
6372,0
6373,0
6374,1
6375,0
6376,0
6377,0
6378,0
6379,0
6380,0
6381,0
6382,0
6383,1
6384,1
6385,0
6386,0
6387,0
6388,0
6389,0
6390,1
6391,1
6392,0
6393,0
6394,0
6395,0
6396,0
6397,0
6398,0
6399,0
6400,2
6401,0
6402,2
6403,0
6404,0
6405,0
6406,0
6407,1
6408,2
6409,0
6410,0
6411,1
6412,0
6413,0
6414,1
6415,1
6416,0
6417,0
6418,0
6419,1
6420,0
6421,0
6422,0
6423,0
6424,1
6425,0
6426,1
6427,0
6428,2
6429,1
6430,3
6431,0
6432,0
6433,0
6434,0
6435,0
6436,0
6437,0
6438,1
6439,0
6440,0
6441,1
6442,0
6443,2
6444,0
6445,0
6446,0
6447,0
6448,0
6449,0
6450,0
6451,0
6452,0
6453,0
6454,0
6455,2
6456,0
6457,0
6458,0
6459,0
6460,0
6461,0
6462,0
6463,0
6464,1
6465,4
6466,0
6467,0
6468,0
6469,0
6470,1
6471,0
6472,1
6473,0
6474,0
6475,2
6476,0
6477,0
6478,3
6479,0
6480,0
6481,0
6482,1
6483,1
6484,0
6485,0
6486,0
6487,0
6488,2
6489,0
6490,0
6491,1
6492,2
6493,0
6494,1
6495,0
6496,0
6497,0
6498,1
6499,0
6500,2
6501,0
6502,0
6503,0
6504,0
6505,1
6506,0
6507,0
6508,1
6509,0
6510,1
6511,0
6512,0
6513,0
6514,0
6515,0
6516,0
6517,0
6518,0
6519,0
6520,1
6521,0
6522,0
6523,2
6524,0
6525,0
6526,1
6527,1
6528,0
6529,0
6530,0
6531,1
6532,0
6533,0
6534,1
6535,1
6536,0
6537,0
6538,1
6539,1
6540,1
6541,1
6542,0
6543,0
6544,1
6545,1
6546,0
6547,1
6548,0
6549,0
6550,0
6551,0
6552,1
6553,0
6554,0
6555,0
6556,1
6557,0
6558,0
6559,1
6560,0
6561,0
6562,0
6563,1
6564,0
6565,1
6566,0
6567,0
6568,0
6569,0
6570,1
6571,1
6572,0
6573,0
6574,0
6575,0
6576,0
6577,1
6578,0
6579,0
6580,0
6581,0
6582,0
6583,0
6584,1
6585,1
6586,0
6587,1
6588,0
6589,0
6590,0
6591,2
6592,0
6593,1
6594,0
6595,0
6596,1
6597,0
6598,0
6599,0
6600,1
6601,0
6602,0
6603,0
6604,1
6605,0
6606,0
6607,0
6608,0
6609,0
6610,0
6611,0
6612,1
6613,0
6614,0
6615,1
6616,0
6617,1
6618,0
6619,0
6620,0
6621,0
6622,1
6623,1
6624,0
6625,0
6626,0
6627,1
6628,0
6629,0
6630,0
6631,2
6632,0
6633,1
6634,0
6635,1
6636,1
6637,0
6638,0
6639,0
6640,0
6641,0
6642,0
6643,0
6644,0
6645,0
6646,0
6647,0
6648,1
6649,0
6650,0
6651,0
6652,0
6653,1
6654,0
6655,2
6656,0
6657,0
6658,0
6659,0
6660,0
6661,0
6662,0
6663,0
6664,0
6665,1
6666,0
6667,0
6668,0
6669,1
6670,1
6671,0
6672,0
6673,0
6674,1
6675,1
6676,0
6677,2
6678,0
6679,0
6680,0
6681,2
6682,0
6683,0
6684,0
6685,2
6686,0
6687,2
6688,0
6689,0
6690,0
6691,1
6692,0
6693,1
6694,0
6695,0
6696,0
6697,1
6698,0
6699,0
6700,1
6701,0
6702,0
6703,0
6704,0
6705,0
6706,0
6707,0
6708,0
6709,0
6710,1
6711,0
6712,0
6713,0
6714,1
6715,0
6716,0
6717,0
6718,0
6719,1
6720,0
6721,1
6722,1
6723,0
6724,0
6725,0
6726,1
6727,0
6728,1
6729,0
6730,0
6731,0
6732,0
6733,0
6734,0
6735,0
6736,1
6737,1
6738,0
6739,1
6740,0
6741,0
6742,0
6743,0
6744,0
6745,0
6746,0
6747,1
6748,2
6749,1
6750,0
6751,0
6752,0
6753,0
6754,0
6755,1
6756,1
6757,0
6758,0
6759,0
6760,0
6761,0
6762,0
6763,0
6764,1
6765,0
6766,0
6767,0
6768,1
6769,0
6770,1
6771,2
6772,0
6773,0
6774,1
6775,0
6776,0
6777,1
6778,1
6779,1
6780,0
6781,0
6782,1
6783,1
6784,1
6785,0
6786,0
6787,1
6788,0
6789,0
6790,0
6791,0
6792,0
6793,0
6794,0
6795,1
6796,0
6797,0
6798,0
6799,0
6800,0
6801,1
6802,0
6803,0
6804,1
6805,0
6806,0
6807,0
6808,0
6809,0
6810,0
6811,1
6812,0
6813,1
6814,0
6815,1
6816,0
6817,0
6818,0
6819,0
6820,1
6821,1
6822,0
6823,0
6824,0
6825,0
6826,1
6827,2
6828,0
6829,0
6830,0
6831,0
6832,0
6833,0
6834,0
6835,0
6836,0
6837,0
6838,0
6839,0
6840,1
6841,0
6842,2
6843,0
6844,1
6845,3
6846,1
6847,0
6848,0
6849,0
6850,1
6851,0
6852,0
6853,0
6854,0
6855,0
6856,0
6857,0
6858,0
6859,1
6860,0
6861,0
6862,0
6863,1
6864,0
6865,0
6866,1
6867,0
6868,0
6869,2
6870,0
6871,0
6872,0
6873,1
6874,1
6875,1
6876,0
6877,0
6878,0
6879,0
6880,0
6881,3
6882,0
6883,0
6884,0
6885,0
6886,0
6887,0
6888,1
6889,2
6890,0
6891,0
6892,0
6893,0
6894,1
6895,0
6896,1
6897,0
6898,1
6899,0
6900,0
6901,0
6902,1
6903,1
6904,0
6905,0
6906,0
6907,0
6908,0
6909,1
6910,0
6911,1
6912,1
6913,0
6914,1
6915,0
6916,1
6917,1
6918,1
6919,0
6920,0
6921,0
6922,0
6923,0
6924,2
6925,0
6926,0
6927,0
6928,1
6929,0
6930,0
6931,0
6932,0
6933,0
6934,0
6935,0
6936,0
6937,0
6938,0
6939,0
6940,1
6941,2
6942,1
6943,0
6944,0
6945,0
6946,0
6947,0
6948,0
6949,0
6950,0
6951,0
6952,0
6953,0
6954,0
6955,0
6956,0
6957,0
6958,0
6959,1
6960,1
6961,0
6962,0
6963,0
6964,0
6965,1
6966,0
6967,1
6968,0
6969,0
6970,0
6971,0
6972,0
6973,1
6974,0
6975,0
6976,0
6977,0
6978,0
6979,0
6980,0
6981,0
6982,0
6983,0
6984,0
6985,0
6986,0
6987,1
6988,0
6989,1
6990,0
6991,0
6992,0
6993,0
6994,0
6995,0
6996,0
6997,0
6998,0
6999,2
7000,0
7001,2
7002,0
7003,0
7004,0
7005,0
7006,0
7007,0
7008,1
7009,1
7010,0
7011,0
7012,1
7013,0
7014,1
7015,1
7016,0
7017,1
7018,0
7019,0
7020,1
7021,0
7022,0
7023,0
7024,0
7025,1
7026,0
7027,1
7028,1
7029,1
7030,0
7031,0
7032,1
7033,0
7034,0
7035,1
7036,0
7037,1
7038,0
7039,1
7040,0
7041,0
7042,2
7043,0
7044,0
7045,0
7046,0
7047,0
7048,0
7049,1
7050,0
7051,0
7052,0
7053,1
7054,2
7055,0
7056,0
7057,0
7058,0
7059,0
7060,1
7061,0
7062,0
7063,0
7064,0
7065,0
7066,0
7067,1
7068,0
7069,2
7070,1
7071,0
7072,0
7073,0
7074,0
7075,1
7076,1
7077,2
7078,0
7079,0
7080,1
7081,0
7082,0
7083,1
7084,0
7085,1
7086,0
7087,0
7088,0
7089,1
7090,0
7091,0
7092,0
7093,1
7094,0
7095,0
7096,0
7097,0
7098,0
7099,0
7100,1
7101,0
7102,2
7103,0
7104,2
7105,0
7106,0
7107,0
7108,0
7109,0
7110,0
7111,0
7112,0
7113,0
7114,0
7115,1
7116,0
7117,0
7118,0
7119,0
7120,0
7121,0
7122,0
7123,0
7124,0
7125,0
7126,0
7127,1
7128,0
7129,0
7130,0
7131,0
7132,1
7133,1
7134,0
7135,0
7136,2
7137,0
7138,0
7139,0
7140,1
7141,1
7142,0
7143,1
7144,0
7145,0
7146,0
7147,0
7148,0
7149,1
7150,0
7151,0
7152,0
7153,0
7154,0
7155,0
7156,0
7157,2
7158,1
7159,1
7160,0
7161,1
7162,0
7163,0
7164,1
7165,0
7166,1
7167,2
7168,0
7169,1
7170,0
7171,0
7172,0
7173,0
7174,0
7175,0
7176,1
7177,0
7178,1
7179,0
7180,0
7181,0
7182,0
7183,0
7184,0
7185,1
7186,0
7187,1
7188,0
7189,0
7190,1
7191,1
7192,1
7193,0
7194,0
7195,1
7196,1
7197,1
7198,1
7199,0
7200,0
7201,0
7202,1
7203,0
7204,0
7205,0
7206,0
7207,0
7208,0
7209,1
7210,0
7211,1
7212,0
7213,2
7214,1
7215,1
7216,1
7217,0
7218,1
7219,0
7220,2
7221,0
7222,0
7223,0
7224,2
7225,1
7226,0
7227,0
7228,0
7229,0
7230,2
7231,0
7232,1
7233,0
7234,0
7235,0
7236,0
7237,1
7238,0
7239,0
7240,1
7241,0
7242,1
7243,0
7244,0
7245,0
7246,0
7247,0
7248,2
7249,1
7250,0
7251,1
7252,1
7253,0
7254,0
7255,0
7256,0
7257,0
7258,0
7259,0
7260,0
7261,0
7262,0
7263,0
7264,0
7265,0
7266,0
7267,0
7268,0
7269,1
7270,1
7271,0
7272,0
7273,0
7274,0
7275,0
7276,0
7277,0
7278,1
7279,1
7280,0
7281,0
7282,1
7283,0
7284,1
7285,0
7286,0
7287,0
7288,0
7289,0
7290,0
7291,1
7292,0
7293,0
7294,1
7295,0
7296,0
7297,0
7298,0
7299,0
7300,1
7301,0
7302,0
7303,1
7304,1
7305,0
7306,0
7307,0
7308,2
7309,1
7310,0
7311,0
7312,0
7313,1
7314,2
7315,1
7316,0
7317,0
7318,0
7319,1
7320,1
7321,0
7322,0
7323,1
7324,0
7325,0
7326,1
7327,0
7328,0
7329,0
7330,0
7331,0
7332,2
7333,0
7334,0
7335,0
7336,2
7337,0
7338,1
7339,1
7340,0
7341,0
7342,0
7343,0
7344,0
7345,0
7346,0
7347,0
7348,0
7349,0
7350,0
7351,0
7352,1
7353,0
7354,0
7355,0
7356,1
7357,0
7358,1
7359,0
7360,1
7361,0
7362,0
7363,0
7364,1
7365,0
7366,1
7367,0
7368,0
7369,0
7370,0
7371,1
7372,0
7373,0
7374,1
7375,1
7376,0
7377,0
7378,0
7379,0
7380,1
7381,1
7382,1
7383,1
7384,0
7385,0
7386,0
7387,1
7388,2
7389,0
7390,0
7391,0
7392,0
7393,0
7394,2
7395,1
7396,0
7397,1
7398,2
7399,1
7400,0
7401,0
7402,0
7403,1
7404,0
7405,0
7406,0
7407,0
7408,0
7409,2
7410,0
7411,1
7412,0
7413,0
7414,1
7415,0
7416,1
7417,1
7418,0
7419,0
7420,0
7421,4
7422,1
7423,1
7424,0
7425,0
7426,0
7427,1
7428,0
7429,0
7430,1
7431,0
7432,0
7433,0
7434,0
7435,0
7436,0
7437,0
7438,0
7439,0
7440,1
7441,0
7442,0
7443,0
7444,0
7445,1
7446,0
7447,1
7448,0
7449,0
7450,0
7451,0
7452,0
7453,0
7454,0
7455,0
7456,0
7457,0
7458,1
7459,0
7460,0
7461,0
7462,0
7463,2
7464,0
7465,0
7466,1
7467,0
7468,1
7469,0
7470,1
7471,1
7472,1
7473,0
7474,0
7475,0
7476,2
7477,0
7478,1
7479,0
7480,1
7481,0
7482,0
7483,0
7484,0
7485,0
7486,0
7487,0
7488,1
7489,0
7490,0
7491,0
7492,1
7493,0
7494,0
7495,4
7496,2
7497,0
7498,0
7499,1
7500,0
7501,1
7502,0
7503,0
7504,0
7505,0
7506,0
7507,0
7508,1
7509,0
7510,0
7511,0
7512,0
7513,1
7514,0
7515,0
7516,0
7517,0
7518,0
7519,0
7520,0
7521,1
7522,0
7523,3
7524,0
7525,0
7526,1
7527,0
7528,0
7529,0
7530,0
7531,2
7532,1
7533,0
7534,0
7535,0
7536,0
7537,0
7538,0
7539,0
7540,0
7541,0
7542,0
7543,0
7544,0
7545,0
7546,0
7547,0
7548,3
7549,0
7550,0
7551,0
7552,0
7553,0
7554,0
7555,1
7556,0
7557,0
7558,0
7559,1
7560,1
7561,0
7562,0
7563,0
7564,0
7565,0
7566,0
7567,0
7568,0
7569,0
7570,0
7571,1
7572,3
7573,3
7574,0
7575,0
7576,0
7577,0
7578,2
7579,0
7580,1
7581,0
7582,0
7583,2
7584,2
7585,0
7586,0
7587,1
7588,1
7589,1
7590,1
7591,0
7592,0
7593,0
7594,0
7595,0
7596,0
7597,0
7598,3
7599,0
7600,0
7601,0
7602,0
7603,1
7604,0
7605,0
7606,0
7607,0
7608,0
7609,1
7610,0
7611,0
7612,0
7613,0
7614,0
7615,0
7616,0
7617,0
7618,0
7619,0
7620,0
7621,0
7622,0
7623,0
7624,0
7625,0
7626,1
7627,0
7628,0
7629,0
7630,0
7631,1
7632,0
7633,0
7634,2
7635,0
7636,0
7637,0
7638,0
7639,0
7640,1
7641,0
7642,0
7643,1
7644,0
7645,0
7646,0
7647,2
7648,1
7649,0
7650,0
7651,0
7652,1
7653,0
7654,2
7655,1
7656,0
7657,0
7658,0
7659,0
7660,0
7661,1
7662,0
7663,0
7664,1
7665,1
7666,0
7667,0
7668,0
7669,1
7670,0
7671,0
7672,0
7673,0
7674,0
7675,0
7676,0
7677,0
7678,0
7679,0
7680,1
7681,0
7682,0
7683,0
7684,0
7685,0
7686,0
7687,0
7688,0
7689,1
7690,1
7691,1
7692,0
7693,0
7694,3
7695,2
7696,1
7697,0
7698,1
7699,0
7700,0
7701,2
7702,0
7703,0
7704,3
7705,0
7706,0
7707,0
7708,2
7709,0
7710,1
7711,0
7712,0
7713,0
7714,0
7715,0
7716,0
7717,0
7718,0
7719,1
7720,0
7721,0
7722,0
7723,0
7724,0
7725,0
7726,1
7727,0
7728,0
7729,0
7730,0
7731,1
7732,0
7733,0
7734,0
7735,0
7736,0
7737,0
7738,1
7739,0
7740,1
7741,1
7742,0
7743,0
7744,0
7745,0
7746,0
7747,0
7748,0
7749,0
7750,2
7751,0
7752,1
7753,2
7754,0
7755,1
7756,0
7757,1
7758,1
7759,0
7760,0
7761,0
7762,1
7763,1
7764,0
7765,0
7766,1
7767,1
7768,0
7769,0
7770,2
7771,1
7772,0
7773,2
7774,0
7775,2
7776,0
7777,0
7778,0
7779,0
7780,0
7781,0
7782,1
7783,0
7784,0
7785,0
7786,1
7787,1
7788,0
7789,0
7790,0
7791,0
7792,0
7793,0
7794,0
7795,0
7796,0
7797,0
7798,0
7799,2
7800,0
7801,0
7802,0
7803,0
7804,0
7805,0
7806,0
7807,1
7808,0
7809,0
7810,1
7811,0
7812,0
7813,0
7814,1
7815,1
7816,1
7817,0
7818,0
7819,1
7820,0
7821,0
7822,0
7823,1
7824,1
7825,0
7826,0
7827,0
7828,0
7829,0
7830,2
7831,0
7832,0
7833,0
7834,0
7835,1
7836,0
7837,0
7838,0
7839,1
7840,0
7841,2
7842,0
7843,0
7844,0
7845,1
7846,1
7847,0
7848,0
7849,0
7850,0
7851,0
7852,0
7853,1
7854,0
7855,3
7856,0
7857,0
7858,0
7859,1
7860,0
7861,0
7862,0
7863,0
7864,2
7865,3
7866,0
7867,0
7868,0
7869,0
7870,0
7871,0
7872,0
7873,0
7874,0
7875,0
7876,0
7877,1
7878,0
7879,0
7880,2
7881,0
7882,0
7883,1
7884,1
7885,0
7886,2
7887,1
7888,0
7889,1
7890,0
7891,0
7892,0
7893,1
7894,1
7895,0
7896,0
7897,0
7898,1
7899,1
7900,0
7901,0
7902,0
7903,0
7904,0
7905,0
7906,0
7907,0
7908,2
7909,1
7910,0
7911,0
7912,0
7913,0
7914,0
7915,1
7916,0
7917,0
7918,0
7919,1
7920,1
7921,0
7922,0
7923,0
7924,0
7925,0
7926,0
7927,0
7928,1
7929,0
7930,0
7931,0
7932,0
7933,0
7934,3
7935,0
7936,0
7937,0
7938,1
7939,0
7940,0
7941,0
7942,0
7943,0
7944,5
7945,1
7946,0
7947,1
7948,0
7949,0
7950,0
7951,0
7952,2
7953,0
7954,0
7955,0
7956,0
7957,1
7958,0
7959,0
7960,0
7961,0
7962,0
7963,0
7964,0
7965,0
7966,0
7967,0
7968,1
7969,0
7970,2
7971,0
7972,0
7973,2
7974,0
7975,0
7976,0
7977,0
7978,0
7979,0
7980,3
7981,2
7982,0
7983,0
7984,0
7985,0
7986,0
7987,1
7988,0
7989,0
7990,0
7991,1
7992,0
7993,1
7994,0
7995,0
7996,0
7997,0
7998,2
7999,0
8000,0
8001,0
8002,0
8003,0
8004,0
8005,0
8006,0
8007,0
8008,0
8009,0
8010,1
8011,2
8012,0
8013,0
8014,2
8015,0
8016,0
8017,0
8018,1
8019,1
8020,0
8021,1
8022,0
8023,2
8024,0
8025,0
8026,0
8027,0
8028,1
8029,0
8030,1
8031,1
8032,0
8033,0
8034,1
8035,0
8036,0
8037,0
8038,0
8039,0
8040,1
8041,1
8042,1
8043,0
8044,1
8045,1
8046,1
8047,0
8048,0
8049,1
8050,0
8051,0
8052,1
8053,1
8054,0
8055,0
8056,0
8057,0
8058,1
8059,0
8060,0
8061,3
8062,0
8063,0
8064,0
8065,0
8066,1
8067,0
8068,0
8069,0
8070,1
8071,0
8072,0
8073,0
8074,0
8075,0
8076,1
8077,0
8078,0
8079,0
8080,1
8081,1
8082,1
8083,1
8084,1
8085,0
8086,0
8087,0
8088,0
8089,0
8090,0
8091,0
8092,0
8093,0
8094,0
8095,0
8096,0
8097,0
8098,0
8099,1
8100,2
8101,0
8102,0
8103,0
8104,0
8105,0
8106,0
8107,0
8108,0
8109,0
8110,0
8111,0
8112,0
8113,0
8114,0
8115,1
8116,0
8117,0
8118,0
8119,0
8120,2
8121,1
8122,0
8123,0
8124,1
8125,0
8126,0
8127,0
8128,1
8129,0
8130,3
8131,1
8132,0
8133,0
8134,0
8135,1
8136,0
8137,1
8138,0
8139,0
8140,0
8141,2
8142,0
8143,1
8144,0
8145,0
8146,0
8147,0
8148,0
8149,0
8150,0
8151,0
8152,0
8153,3
8154,0
8155,1
8156,0
8157,0
8158,0
8159,0
8160,1
8161,0
8162,0
8163,1
8164,0
8165,1
8166,0
8167,1
8168,0
8169,0
8170,0
8171,0
8172,0
8173,2
8174,0
8175,0
8176,0
8177,0
8178,1
8179,1
8180,0
8181,0
8182,0
8183,0
8184,0
8185,0
8186,0
8187,1
8188,0
8189,0
8190,0
8191,0
8192,0
8193,1
8194,0
8195,0
8196,0
8197,0
8198,0
8199,0
8200,0
8201,0
8202,0
8203,0
8204,0
8205,1
8206,0
8207,1
8208,0
8209,0
8210,0
8211,0
8212,0
8213,0
8214,1
8215,0
8216,0
8217,0
8218,0
8219,0
8220,2
8221,1
8222,1
8223,0
8224,1
8225,0
8226,0
8227,0
8228,0
8229,1
8230,0
8231,1
8232,0
8233,1
8234,0
8235,0
8236,2
8237,0
8238,1
8239,0
8240,0
8241,1
8242,1
8243,0
8244,0
8245,1
8246,0
8247,0
8248,0
8249,0
8250,0
8251,0
8252,2
8253,0
8254,1
8255,0
8256,1
8257,1
8258,0
8259,0
8260,1
8261,0
8262,0
8263,0
8264,0
8265,0
8266,0
8267,0
8268,0
8269,2
8270,0
8271,1
8272,0
8273,0
8274,0
8275,1
8276,0
8277,0
8278,0
8279,1
8280,0
8281,1
8282,0
8283,0
8284,1
8285,0
8286,1
8287,0
8288,0
8289,0
8290,1
8291,0
8292,1
8293,0
8294,0
8295,2
8296,0
8297,0
8298,1
8299,1
8300,0
8301,1
8302,0
8303,0
8304,0
8305,1
8306,0
8307,0
8308,0
8309,0
8310,0
8311,0
8312,0
8313,1
8314,0
8315,1
8316,0
8317,0
8318,2
8319,0
8320,0
8321,0
8322,0
8323,1
8324,0
8325,0
8326,0
8327,1
8328,1
8329,0
8330,0
8331,1
8332,1
8333,0
8334,0
8335,0
8336,0
8337,0
8338,1
8339,0
8340,1
8341,0
8342,0
8343,1
8344,0
8345,0
8346,1
8347,0
8348,0
8349,0
8350,0
8351,0
8352,0
8353,0
8354,0
8355,1
8356,1
8357,0
8358,0
8359,1
8360,1
8361,0
8362,1
8363,2
8364,1
8365,1
8366,1
8367,0
8368,1
8369,1
8370,0
8371,0
8372,1
8373,0
8374,0
8375,0
8376,1
8377,0
8378,0
8379,0
8380,2
8381,0
8382,0
8383,2
8384,1
8385,0
8386,1
8387,0
8388,0
8389,0
8390,0
8391,0
8392,0
8393,0
8394,0
8395,0
8396,0
8397,0
8398,0
8399,0
8400,0
8401,1
8402,0
8403,0
8404,1
8405,0
8406,0
8407,0
8408,1
8409,0
8410,2
8411,1
8412,0
8413,0
8414,0
8415,0
8416,0
8417,0
8418,1
8419,0
8420,0
8421,0
8422,0
8423,0
8424,0
8425,0
8426,1
8427,0
8428,1
8429,1
8430,0
8431,0
8432,0
8433,0
8434,0
8435,0
8436,0
8437,0
8438,0
8439,0
8440,1
8441,0
8442,0
8443,0
8444,0
8445,1
8446,0
8447,1
8448,0
8449,2
8450,2
8451,0
8452,1
8453,2
8454,1
8455,1
8456,0
8457,0
8458,0
8459,0
8460,0
8461,1
8462,0
8463,1
8464,0
8465,0
8466,1
8467,0
8468,0
8469,0
8470,0
8471,1
8472,2
8473,0
8474,0
8475,0
8476,0
8477,1
8478,1
8479,1
8480,1
8481,0
8482,0
8483,1
8484,1
8485,0
8486,0
8487,0
8488,0
8489,0
8490,0
8491,0
8492,0
8493,1
8494,0
8495,0
8496,0
8497,0
8498,1
8499,0
8500,0
8501,1
8502,0
8503,0
8504,0
8505,0
8506,0
8507,1
8508,1
8509,1
8510,1
8511,0
8512,0
8513,0
8514,1
8515,2
8516,1
8517,1
8518,1
8519,0
8520,1
8521,0
8522,0
8523,0
8524,0
8525,0
8526,0
8527,0
8528,0
8529,1
8530,1
8531,0
8532,0
8533,0
8534,1
8535,0
8536,0
8537,2
8538,1
8539,0
8540,0
8541,0
8542,0
8543,0
8544,1
8545,1
8546,0
8547,0
8548,0
8549,0
8550,1
8551,0
8552,0
8553,2
8554,0
8555,0
8556,2
8557,0
8558,0
8559,0
8560,1
8561,0
8562,1
8563,0
8564,0
8565,0
8566,0
8567,0
8568,0
8569,0
8570,0
8571,1
8572,0
8573,0
8574,0
8575,0
8576,1
8577,0
8578,0
8579,1
8580,0
8581,1
8582,0
8583,1
8584,0
8585,0
8586,0
8587,1
8588,0
8589,0
8590,0
8591,0
8592,1
8593,0
8594,0
8595,0
8596,0
8597,0
8598,0
8599,0
8600,0
8601,2
8602,0
8603,0
8604,0
8605,1
8606,0
8607,0
8608,0
8609,1
8610,1
8611,0
8612,0
8613,0
8614,0
8615,0
8616,1
8617,0
8618,1
8619,1
8620,0
8621,0
8622,0
8623,0
8624,0
8625,0
8626,0
8627,0
8628,0
8629,0
8630,0
8631,0
8632,0
8633,1
8634,0
8635,1
8636,1
8637,0
8638,3
8639,0
8640,1
8641,0
8642,0
8643,1
8644,0
8645,0
8646,0
8647,0
8648,0
8649,0
8650,0
8651,0
8652,1
8653,1
8654,0
8655,1
8656,1
8657,1
8658,0
8659,0
8660,2
8661,2
8662,0
8663,0
8664,0
8665,0
8666,0
8667,0
8668,1
8669,0
8670,0
8671,0
8672,0
8673,0
8674,0
8675,0
8676,1
8677,1
8678,0
8679,2
8680,2
8681,0
8682,0
8683,1
8684,1
8685,0
8686,0
8687,0
8688,0
8689,1
8690,0
8691,0
8692,0
8693,0
8694,2
8695,0
8696,0
8697,0
8698,0
8699,0
8700,1
8701,1
8702,0
8703,0
8704,0
8705,0
8706,0
8707,1
8708,1
8709,1
8710,0
8711,1
8712,0
8713,0
8714,0
8715,0
8716,1
8717,0
8718,0
8719,1
8720,1
8721,1
8722,1
8723,0
8724,1
8725,0
8726,0
8727,0
8728,1
8729,0
8730,0
8731,0
8732,1
8733,0
8734,0
8735,0
8736,0
8737,0
8738,1
8739,1
8740,0
8741,3
8742,0
8743,0
8744,0
8745,3
8746,1
8747,0
8748,1
8749,0
8750,0
8751,3
8752,0
8753,1
8754,0
8755,0
8756,1
8757,1
8758,1
8759,0
8760,0
8761,0
8762,0
8763,1
8764,0
8765,0
8766,1
8767,2
8768,0
8769,0
8770,0
8771,1
8772,0
8773,0
8774,0
8775,0
8776,0
8777,0
8778,1
8779,0
8780,1
8781,1
8782,2
8783,1
8784,0
8785,1
8786,0
8787,0
8788,0
8789,0
8790,1
8791,0
8792,1
8793,0
8794,0
8795,1
8796,0
8797,1
8798,0
8799,2
8800,1
8801,0
8802,0
8803,0
8804,0
8805,1
8806,1
8807,1
8808,0
8809,1
8810,1
8811,0
8812,0
8813,0
8814,2
8815,0
8816,2
8817,0
8818,0
8819,2
8820,0
8821,0
8822,0
8823,1
8824,1
8825,0
8826,0
8827,0
8828,0
8829,0
8830,1
8831,0
8832,0
8833,0
8834,0
8835,1
8836,0
8837,1
8838,0
8839,0
8840,0
8841,0
8842,0
8843,0
8844,0
8845,0
8846,0
8847,0
8848,0
8849,0
8850,1
8851,0
8852,0
8853,0
8854,1
8855,1
8856,0
8857,0
8858,1
8859,0
8860,1
8861,1
8862,1
8863,0
8864,0
8865,1
8866,0
8867,0
8868,3
8869,1
8870,1
8871,1
8872,1
8873,0
8874,0
8875,0
8876,0
8877,0
8878,0
8879,0
8880,0
8881,1
8882,1
8883,0
8884,2
8885,1
8886,0
8887,0
8888,0
8889,0
8890,1
8891,0
8892,0
8893,1
8894,1
8895,0
8896,0
8897,0
8898,0
8899,0
8900,0
8901,0
8902,1
8903,0
8904,0
8905,1
8906,0
8907,0
8908,0
8909,0
8910,0
8911,1
8912,2
8913,0
8914,0
8915,0
8916,0
8917,0
8918,0
8919,0
8920,0
8921,1
8922,0
8923,0
8924,2
8925,0
8926,0
8927,1
8928,0
8929,0
8930,0
8931,0
8932,1
8933,0
8934,1
8935,1
8936,0
8937,1
8938,0
8939,1
8940,0
8941,0
8942,0
8943,0
8944,0
8945,0
8946,0
8947,1
8948,0
8949,0
8950,0
8951,0
8952,0
8953,0
8954,0
8955,0
8956,0
8957,0
8958,0
8959,1
8960,0
8961,0
8962,0
8963,0
8964,0
8965,0
8966,2
8967,0
8968,0
8969,1
8970,1
8971,1
8972,2
8973,0
8974,0
8975,0
8976,1
8977,0
8978,0
8979,0
8980,0
8981,0
8982,0
8983,0
8984,1
8985,0
8986,0
8987,0
8988,0
8989,1
8990,1
8991,0
8992,0
8993,0
8994,0
8995,0
8996,1
8997,0
8998,0
8999,0
9000,1
9001,1
9002,0
9003,0
9004,1
9005,0
9006,1
9007,0
9008,2
9009,0
9010,0
9011,1
9012,0
9013,0
9014,0
9015,0
9016,0
9017,0
9018,0
9019,0
9020,2
9021,0
9022,0
9023,0
9024,0
9025,2
9026,0
9027,0
9028,0
9029,0
9030,0
9031,0
9032,1
9033,0
9034,0
9035,0
9036,1
9037,1
9038,1
9039,0
9040,2
9041,0
9042,0
9043,0
9044,4
9045,1
9046,2
9047,2
9048,4
9049,0
9050,4
9051,1
9052,1
9053,1
9054,1
9055,0
9056,0
9057,1
9058,1
9059,2
9060,1
9061,1
9062,1
9063,1
9064,0
9065,5
9066,0
9067,1
9068,0
9069,3
9070,1
9071,0
9072,1
9073,3
9074,3
9075,0
9076,1
9077,2
9078,1
9079,3
9080,0
9081,0
9082,2
9083,0
9084,0
9085,0
9086,1
9087,1
9088,1
9089,1
9090,3
9091,0
9092,2
9093,1
9094,0
9095,1
9096,0
9097,0
9098,0
9099,1
9100,0
9101,2
9102,3
9103,1
9104,1
9105,0
9106,0
9107,0
9108,1
9109,1
9110,2
9111,2
9112,1
9113,0
9114,1
9115,0
9116,3
9117,1
9118,0
9119,1
9120,0
9121,0
9122,0
9123,2
9124,1
9125,2
9126,2
9127,2
9128,3
9129,0
9130,0
9131,3
9132,2
9133,0
9134,1
9135,0
9136,1
9137,0
9138,1
9139,3
9140,1
9141,1
9142,0
9143,1
9144,3
9145,2
9146,1
9147,0
9148,1
9149,0
9150,0
9151,3
9152,1
9153,1
9154,0
9155,0
9156,2
9157,0
9158,0
9159,0
9160,1
9161,0
9162,0
9163,0
9164,3
9165,1
9166,0
9167,0
9168,3
9169,0
9170,1
9171,0
9172,2
9173,0
9174,1
9175,2
9176,1
9177,3
9178,0
9179,0
9180,1
9181,0
9182,0
9183,2
9184,1
9185,0
9186,1
9187,2
9188,0
9189,0
9190,1
9191,0
9192,2
9193,3
9194,2
9195,1
9196,1
9197,0
9198,1
9199,4
9200,1
9201,0
9202,2
9203,0
9204,1
9205,1
9206,2
9207,0
9208,2
9209,1
9210,2
9211,4
9212,2
9213,3
9214,1
9215,0
9216,3
9217,1
9218,3
9219,1
9220,0
9221,2
9222,1
9223,0
9224,2
9225,0
9226,0
9227,4
9228,0
9229,0
9230,0
9231,2
9232,0
9233,0
9234,0
9235,0
9236,2
9237,1
9238,1
9239,0
9240,2
9241,3
9242,4
9243,0
9244,2
9245,0
9246,0
9247,0
9248,0
9249,2
9250,1
9251,0
9252,0
9253,0
9254,0
9255,1
9256,1
9257,4
9258,2
9259,1
9260,0
9261,1
9262,0
9263,1
9264,2
9265,1
9266,2
9267,2
9268,3
9269,0
9270,0
9271,6
9272,0
9273,0
9274,0
9275,2
9276,1
9277,2
9278,3
9279,1
9280,1
9281,0
9282,1
9283,0
9284,0
9285,4
9286,1
9287,1
9288,2
9289,4
9290,1
9291,1
9292,0
9293,2
9294,1
9295,0
9296,1
9297,0
9298,0
9299,2
9300,1
9301,1
9302,1
9303,2
9304,3
9305,1
9306,1
9307,1
9308,3
9309,0
9310,0
9311,0
9312,0
9313,2
9314,1
9315,1
9316,2
9317,2
9318,1
9319,0
9320,2
9321,1
9322,0
9323,2
9324,3
9325,2
9326,1
9327,3
9328,0
9329,2
9330,0
9331,1
9332,1
9333,2
9334,3
9335,1
9336,0
9337,3
9338,2
9339,1
9340,3
9341,1
9342,0
9343,1
9344,0
9345,0
9346,2
9347,0
9348,0
9349,1
9350,1
9351,2
9352,0
9353,5
9354,2
9355,0
9356,4
9357,2
9358,0
9359,1
9360,3
9361,1
9362,0
9363,0
9364,2
9365,2
9366,2
9367,0
9368,0
9369,2
9370,1
9371,0
9372,0
9373,1
9374,1
9375,1
9376,0
9377,1
9378,3
9379,0
9380,0
9381,1
9382,0
9383,0
9384,0
9385,1
9386,1
9387,1
9388,1
9389,0
9390,4
9391,0
9392,1
9393,1
9394,3
9395,1
9396,0
9397,1
9398,1
9399,2
9400,1
9401,0
9402,0
9403,0
9404,2
9405,0
9406,1
9407,1
9408,1
9409,0
9410,0
9411,1
9412,0
9413,1
9414,2
9415,0
9416,1
9417,2
9418,1
9419,0
9420,0
9421,2
9422,1
9423,3
9424,1
9425,1
9426,1
9427,0
9428,2
9429,1
9430,0
9431,1
9432,2
9433,0
9434,1
9435,0
9436,1
9437,1
9438,5
9439,0
9440,2
9441,3
9442,0
9443,0
9444,3
9445,0
9446,0
9447,2
9448,2
9449,0
9450,0
9451,1
9452,1
9453,1
9454,0
9455,1
9456,0
9457,2
9458,2
9459,0
9460,2
9461,1
9462,1
9463,1
9464,0
9465,4
9466,0
9467,1
9468,2
9469,1
9470,0
9471,3
9472,1
9473,2
9474,1
9475,1
9476,2
9477,1
9478,1
9479,1
9480,3
9481,1
9482,2
9483,0
9484,2
9485,0
9486,0
9487,1
9488,0
9489,2
9490,2
9491,1
9492,2
9493,1
9494,1
9495,2
9496,0
9497,0
9498,0
9499,0
9500,1
9501,2
9502,0
9503,3
9504,3
9505,2
9506,2
9507,4
9508,0
9509,2
9510,2
9511,3
9512,2
9513,0
9514,2
9515,1
9516,4
9517,0
9518,1
9519,3
9520,1
9521,0
9522,1
9523,1
9524,1
9525,2
9526,1
9527,1
9528,2
9529,1
9530,4
9531,1
9532,1
9533,1
9534,1
9535,1
9536,0
9537,3
9538,2
9539,2
9540,0
9541,1
9542,1
9543,3
9544,1
9545,2
9546,4
9547,1
9548,0
9549,1
9550,0
9551,3
9552,0
9553,3
9554,1
9555,2
9556,3
9557,4
9558,0
9559,2
9560,1
9561,2
9562,3
9563,0
9564,3
9565,1
9566,0
9567,1
9568,2
9569,1
9570,0
9571,1
9572,0
9573,0
9574,2
9575,2
9576,0
9577,0
9578,0
9579,0
9580,3
9581,1
9582,1
9583,2
9584,3
9585,0
9586,1
9587,3
9588,0
9589,3
9590,1
9591,2
9592,0
9593,1
9594,3
9595,2
9596,0
9597,4
9598,3
9599,1
9600,2
9601,1
9602,0
9603,3
9604,0
9605,2
9606,1
9607,5
9608,3
9609,0
9610,2
9611,1
9612,1
9613,1
9614,2
9615,1
9616,2
9617,3
9618,2
9619,1
9620,0
9621,2
9622,1
9623,0
9624,0
9625,1
9626,1
9627,1
9628,1
9629,1
9630,4
9631,6
9632,1
9633,0
9634,2
9635,3
9636,0
9637,1
9638,0
9639,1
9640,0
9641,0
9642,3
9643,1
9644,1
9645,2
9646,1
9647,4
9648,1
9649,1
9650,0
9651,1
9652,3
9653,1
9654,3
9655,0
9656,0
9657,2
9658,2
9659,1
9660,2
9661,1
9662,6
9663,4
9664,1
9665,2
9666,2
9667,2
9668,3
9669,5
9670,3
9671,2
9672,0
9673,3
9674,1
9675,0
9676,3
9677,1
9678,1
9679,2
9680,1
9681,1
9682,2
9683,1
9684,1
9685,2
9686,2
9687,2
9688,1
9689,1
9690,1
9691,2
9692,1
9693,1
9694,2
9695,1
9696,0
9697,0
9698,0
9699,1
9700,2
9701,0
9702,1
9703,2
9704,1
9705,0
9706,2
9707,3
9708,0
9709,1
9710,1
9711,0
9712,0
9713,2
9714,2
9715,2
9716,0
9717,1
9718,0
9719,2
9720,3
9721,2
9722,3
9723,0
9724,0
9725,0
9726,2
9727,2
9728,2
9729,2
9730,1
9731,1
9732,2
9733,1
9734,0
9735,2
9736,1
9737,1
9738,2
9739,1
9740,0
9741,2
9742,3
9743,2
9744,4
9745,4
9746,1
9747,1
9748,1
9749,1
9750,0
9751,1
9752,0
9753,0
9754,4
9755,2
9756,5
9757,0
9758,1
9759,0
9760,3
9761,2
9762,1
9763,5
9764,1
9765,2
9766,0
9767,0
9768,1
9769,2
9770,2
9771,2
9772,1
9773,2
9774,0
9775,5
9776,3
9777,0
9778,3
9779,3
9780,1
9781,1
9782,1
9783,0
9784,0
9785,1
9786,2
9787,2
9788,2
9789,0
9790,1
9791,1
9792,2
9793,1
9794,0
9795,1
9796,1
9797,2
9798,3
9799,0
9800,0
9801,2
9802,0
9803,0
9804,2
9805,0
9806,0
9807,0
9808,1
9809,2
9810,2
9811,0
9812,3
9813,2
9814,1
9815,1
9816,2
9817,0
9818,2
9819,0
9820,1
9821,1
9822,2
9823,1
9824,3
9825,0
9826,1
9827,1
9828,2
9829,1
9830,1
9831,3
9832,0
9833,1
9834,1
9835,2
9836,1
9837,3
9838,0
9839,3
9840,2
9841,2
9842,2
9843,0
9844,2
9845,0
9846,1
9847,3
9848,3
9849,0
9850,1
9851,0
9852,4
9853,1
9854,0
9855,1
9856,3
9857,0
9858,1
9859,1
9860,1
9861,1
9862,2
9863,0
9864,0
9865,0
9866,0
9867,3
9868,0
9869,2
9870,0
9871,3
9872,2
9873,1
9874,1
9875,2
9876,2
9877,1
9878,1
9879,2
9880,2
9881,2
9882,2
9883,1
9884,1
9885,0
9886,5
9887,0
9888,1
9889,3
9890,2
9891,1
9892,2
9893,1
9894,1
9895,1
9896,1
9897,2
9898,0
9899,2
9900,1
9901,3
9902,1
9903,1
9904,2
9905,3
9906,3
9907,1
9908,1
9909,1
9910,1
9911,0
9912,3
9913,0
9914,0
9915,1
9916,1
9917,2
9918,1
9919,0
9920,0
9921,0
9922,2
9923,2
9924,2
9925,0
9926,3
9927,2
9928,1
9929,1
9930,3
9931,0
9932,1
9933,1
9934,3
9935,0
9936,1
9937,0
9938,1
9939,1
9940,3
9941,1
9942,2
9943,3
9944,3
9945,0
9946,2
9947,3
9948,4
9949,2
9950,1
9951,1
9952,2
9953,5
9954,1
9955,0
9956,1
9957,0
9958,1
9959,3
9960,4
9961,2
9962,0
9963,1
9964,0
9965,1
9966,2
9967,3
9968,4
9969,0
9970,2
9971,1
9972,3
9973,1
9974,1
9975,1
9976,0
9977,0
9978,1
9979,1
9980,1
9981,2
9982,2
9983,2
9984,3
9985,3
9986,2
9987,2
9988,0
9989,2
9990,2
9991,3
9992,1
9993,1
9994,0
9995,1
9996,0
9997,0
9998,2
9999,0
10000,3
10001,1
10002,2
10003,2
10004,7
10005,1
10006,1
10007,1
10008,2
10009,0
10010,1
10011,2
10012,0
10013,3
10014,0
10015,2
10016,1
10017,1
10018,1
10019,4
10020,2
10021,2
10022,2
10023,1
10024,0
10025,3
10026,1
10027,4
10028,1
10029,2
10030,1
10031,2
10032,0
10033,1
10034,2
10035,2
10036,0
10037,0
10038,3
10039,3
10040,1
10041,1
10042,1
10043,0
10044,1
10045,0
10046,0
10047,1
10048,3
10049,2
10050,1
10051,2
10052,0
10053,1
10054,1
10055,4
10056,0
10057,1
10058,2
10059,2
10060,1
10061,2
10062,1
10063,1
10064,2
10065,2
10066,1
10067,0
10068,0
10069,3
10070,3
10071,1
10072,2
10073,1
10074,1
10075,2
10076,0
10077,0
10078,3
10079,3
10080,2
10081,1
10082,1
10083,2
10084,4
10085,1
10086,2
10087,3
10088,0
10089,0
10090,1
10091,2
10092,1
10093,1
10094,1
10095,1
10096,2
10097,2
10098,2
10099,2
10100,0
10101,3
10102,2
10103,3
10104,0
10105,0
10106,0
10107,1
10108,1
10109,1
10110,1
10111,1
10112,0
10113,2
10114,2
10115,1
10116,3
10117,1
10118,1
10119,0
10120,1
10121,0
10122,2
10123,2
10124,1
10125,4
10126,0
10127,2
10128,4
10129,2
10130,1
10131,2
10132,1
10133,3
10134,1
10135,3
10136,1
10137,2
10138,2
10139,1
10140,0
10141,2
10142,0
10143,0
10144,0
10145,1
10146,0
10147,2
10148,2
10149,0
10150,2
10151,1
10152,0
10153,2
10154,0
10155,2
10156,3
10157,2
10158,2
10159,1
10160,0
10161,0
10162,0
10163,1
10164,1
10165,3
10166,1
10167,1
10168,0
10169,3
10170,3
10171,1
10172,0
10173,2
10174,2
10175,0
10176,1
10177,2
10178,0
10179,1
10180,0
10181,1
10182,3
10183,2
10184,1
10185,2
10186,3
10187,1
10188,0
10189,1
10190,2
10191,1
10192,0
10193,1
10194,0
10195,1
10196,1
10197,4
10198,1
10199,1
10200,0
10201,1
10202,2
10203,0
10204,2
10205,2
10206,3
10207,0
10208,1
10209,0
10210,1
10211,2
10212,1
10213,2
10214,0
10215,1
10216,3
10217,1
10218,1
10219,0
10220,0
10221,0
10222,2
10223,1
10224,1
10225,0
10226,2
10227,2
10228,2
10229,1
10230,2
10231,1
10232,2
10233,1
10234,1
10235,2
10236,0
10237,1
10238,2
10239,3
10240,1
10241,0
10242,1
10243,0
10244,0
10245,1
10246,0
10247,1
10248,0
10249,0
10250,1
10251,1
10252,1
10253,1
10254,3
10255,2
10256,1
10257,1
10258,1
10259,2
10260,1
10261,1
10262,1
10263,3
10264,1
10265,1
10266,2
10267,1
10268,3
10269,1
10270,2
10271,0
10272,2
10273,1
10274,2
10275,2
10276,3
10277,0
10278,0
10279,3
10280,2
10281,1
10282,0
10283,4
10284,1
10285,2
10286,0
10287,0
10288,1
10289,2
10290,1
10291,0
10292,2
10293,2
10294,2
10295,1
10296,0
10297,2
10298,5
10299,2
10300,1
10301,3
10302,1
10303,2
10304,2
10305,1
10306,3
10307,3
10308,1
10309,3
10310,1
10311,2
10312,0
10313,2
10314,2
10315,2
10316,1
10317,1
10318,2
10319,1
10320,0
10321,1
10322,1
10323,2
10324,0
10325,3
10326,1
10327,1
10328,0
10329,1
10330,2
10331,2
10332,1
10333,3
10334,3
10335,2
10336,1
10337,0
10338,1
10339,1
10340,4
10341,1
10342,3
10343,0
10344,1
10345,0
10346,1
10347,0
10348,1
10349,1
10350,1
10351,2
10352,2
10353,2
10354,1
10355,0
10356,3
10357,0
10358,2
10359,0
10360,2
10361,1
10362,2
10363,1
10364,1
10365,1
10366,2
10367,0
10368,3
10369,2
10370,0
10371,1
10372,3
10373,1
10374,1
10375,0
10376,0
10377,3
10378,0
10379,1
10380,0
10381,0
10382,3
10383,3
10384,2
10385,0
10386,0
10387,2
10388,1
10389,1
10390,1
10391,1
10392,0
10393,1
10394,1
10395,4
10396,0
10397,1
10398,1
10399,1
10400,1
10401,1
10402,0
10403,0
10404,2
10405,2
10406,1
10407,7
10408,0
10409,1
10410,2
10411,1
10412,2
10413,1
10414,3
10415,2
10416,0
10417,2
10418,2
10419,1
10420,1
10421,2
10422,0
10423,2
10424,1
10425,1
10426,0
10427,2
10428,2
10429,3
10430,1
10431,0
10432,2
10433,2
10434,1
10435,4
10436,0
10437,1
10438,1
10439,3
10440,0
10441,0
10442,0
10443,1
10444,1
10445,1
10446,3
10447,1
10448,0
10449,1
10450,4
10451,2
10452,1
10453,2
10454,2
10455,0
10456,1
10457,1
10458,2
10459,0
10460,2
10461,1
10462,1
10463,0
10464,1
10465,1
10466,2
10467,0
10468,3
10469,3
10470,3
10471,2
10472,3
10473,0
10474,1
10475,3
10476,1
10477,2
10478,1
10479,1
10480,0
10481,1
10482,4
10483,2
10484,1
10485,1
10486,0
10487,1
10488,0
10489,0
10490,1
10491,0
10492,2
10493,2
10494,1
10495,2
10496,3
10497,0
10498,3
10499,2
10500,0
10501,2
10502,3
10503,0
10504,3
10505,2
10506,1
10507,1
10508,2
10509,2
10510,3
10511,1
10512,2
10513,1
10514,2
10515,1
10516,1
10517,1
10518,0
10519,1
10520,1
10521,3
10522,1
10523,4
10524,3
10525,0
10526,0
10527,1
10528,3
10529,2
10530,1
10531,2
10532,2
10533,0
10534,1
10535,0
10536,1
10537,1
10538,2
10539,4
10540,1
10541,0
10542,3
10543,0
10544,1
10545,1
10546,1
10547,2
10548,0
10549,1
10550,0
10551,1
10552,0
10553,2
10554,1
10555,2
10556,2
10557,2
10558,3
10559,0
10560,0
10561,0
10562,2
10563,4
10564,1
10565,2
10566,0
10567,2
10568,1
10569,0
10570,1
10571,3
10572,1
10573,4
10574,1
10575,2
10576,0
10577,0
10578,2
10579,0
10580,3
10581,1
10582,0
10583,0
10584,3
10585,3
10586,2
10587,2
10588,3
10589,1
10590,2
10591,2
10592,2
10593,3
10594,1
10595,0
10596,1
10597,4
10598,1
10599,1
10600,1
10601,1
10602,3
10603,0
10604,0
10605,1
10606,1
10607,0
10608,0
10609,1
10610,0
10611,0
10612,2
10613,0
10614,2
10615,0
10616,4
10617,0
10618,2
10619,0
10620,0
10621,2
10622,1
10623,2
10624,2
10625,1
10626,1
10627,1
10628,3
10629,2
10630,3
10631,1
10632,1
10633,1
10634,2
10635,1
10636,2
10637,2
10638,2
10639,1
10640,3
10641,2
10642,1
10643,1
10644,1
10645,1
10646,3
10647,2
10648,1
10649,1
10650,0
10651,1
10652,2
10653,0
10654,1
10655,1
10656,2
10657,0
10658,1
10659,0
10660,2
10661,2
10662,2
10663,1
10664,2
10665,1
10666,1
10667,0
10668,1
10669,1
10670,0
10671,1
10672,4
10673,0
10674,2
10675,2
10676,2
10677,1
10678,5
10679,1
10680,0
10681,2
10682,2
10683,0
10684,2
10685,2
10686,1
10687,1
10688,1
10689,2
10690,0
10691,0
10692,0
10693,2
10694,1
10695,1
10696,1
10697,5
10698,2
10699,0
10700,0
10701,1
10702,2
10703,2
10704,1
10705,4
10706,0
10707,3
10708,2
10709,3
10710,2
10711,1
10712,2
10713,1
10714,3
10715,1
10716,0
10717,1
10718,1
10719,2
10720,0
10721,3
10722,1
10723,0
10724,2
10725,2
10726,0
10727,0
10728,2
10729,2
10730,1
10731,1
10732,0
10733,1
10734,1
10735,1
10736,0
10737,2
10738,0
10739,0
10740,2
10741,2
10742,0
10743,1
10744,0
10745,2
10746,3
10747,0
10748,3
10749,1
10750,0
10751,2
10752,2
10753,3
10754,1
10755,2
10756,3
10757,2
10758,1
10759,2
10760,0
10761,0
10762,0
10763,1
10764,1
10765,0
10766,2
10767,0
10768,4
10769,1
10770,0
10771,3
10772,0
10773,1
10774,2
10775,3
10776,1
10777,2
10778,1
10779,1
10780,2
10781,1
10782,0
10783,1
10784,1
10785,2
10786,1
10787,2
10788,2
10789,3
10790,1
10791,3
10792,1
10793,1
10794,2
10795,2
10796,3
10797,1
10798,0
10799,1
10800,0
10801,5
10802,2
10803,2
10804,1
10805,1
10806,3
10807,2
10808,2
10809,2
10810,4
10811,2
10812,0
10813,1
10814,0
10815,1
10816,2
10817,0
10818,2
10819,1
10820,0
10821,1
10822,0
10823,1
10824,3
10825,2
10826,2
10827,2
10828,1
10829,1
10830,2
10831,1
10832,3
10833,0
10834,3
10835,0
10836,0
10837,2
10838,0
10839,2
10840,5
10841,1
10842,3
10843,2
10844,0
10845,2
10846,1
10847,2
10848,0
10849,1
10850,0
10851,2
10852,0
10853,2
10854,3
10855,1
10856,1
10857,1
10858,1
10859,2
10860,0
10861,0
10862,1
10863,2
10864,1
10865,2
10866,1
10867,2
10868,3
10869,2
10870,2
10871,2
10872,0
10873,2
10874,0
10875,1
10876,1
10877,1
10878,0
10879,1
10880,0
10881,2
10882,0
10883,0
10884,2
10885,2
10886,1
10887,2
10888,3
10889,3
10890,1
10891,1
10892,3
10893,3
10894,1
10895,0
10896,1
10897,1
10898,1
10899,1
10900,0
10901,2
10902,2
10903,3
10904,2
10905,1
10906,2
10907,1
10908,0
10909,1
10910,2
10911,0
10912,2
10913,0
10914,0
10915,1
10916,1
10917,1
10918,0
10919,1
10920,1
10921,1
10922,1
10923,2
10924,1
10925,4
10926,1
10927,2
10928,0
10929,2
10930,1
10931,1
10932,2
10933,0
10934,1
10935,1
10936,1
10937,1
10938,2
10939,2
10940,1
10941,3
10942,0
10943,1
10944,2
10945,0
10946,1
10947,0
10948,0
10949,0
10950,2
10951,1
10952,0
10953,0
10954,2
10955,3
10956,3
10957,1
10958,1
10959,1
10960,0
10961,0
10962,0
10963,1
10964,0
10965,3
10966,3
10967,2
10968,3
10969,3
10970,2
10971,0
10972,1
10973,2
10974,0
10975,2
10976,2
10977,0
10978,0
10979,1
10980,2
10981,1
10982,3
10983,1
10984,1
10985,1
10986,1
10987,1
10988,1
10989,2
10990,1
10991,1
10992,3
10993,2
10994,3
10995,2
10996,3
10997,2
10998,2
10999,2
11000,1
11001,1
11002,1
11003,0
11004,3
11005,1
11006,2
11007,1
11008,0
11009,1
11010,0
11011,2
11012,1
11013,0
11014,1
11015,1
11016,3
11017,1
11018,0
11019,3
11020,0
11021,2
11022,2
11023,3
11024,0
11025,0
11026,2
11027,3
11028,2
11029,1
11030,3
11031,1
11032,4
11033,0
11034,6
11035,2
11036,0
11037,5
11038,1
11039,0
11040,1
11041,0
11042,1
11043,2
11044,0
11045,4
11046,1
11047,3
11048,2
11049,0
11050,3
11051,3
11052,1
11053,1
11054,1
11055,1
11056,1
11057,2
11058,1
11059,2
11060,2
11061,1
11062,3
11063,0
11064,1
11065,2
11066,2
11067,1
11068,2
11069,0
11070,3
11071,0
11072,0
11073,3
11074,2
11075,3
11076,3
11077,2
11078,0
11079,1
11080,1
11081,1
11082,1
11083,3
11084,0
11085,1
11086,0
11087,4
11088,1
11089,0
11090,2
11091,0
11092,1
11093,1
11094,1
11095,0
11096,1
11097,0
11098,2
11099,1
11100,1
11101,1
11102,0
11103,4
11104,1
11105,0
11106,1
11107,1
11108,3
11109,1
11110,2
11111,0
11112,3
11113,2
11114,0
11115,3
11116,1
11117,0
11118,1
11119,1
11120,2
11121,0
11122,1
11123,0
11124,4
11125,3
11126,2
11127,2
11128,3
11129,0
11130,3
11131,1
11132,0
11133,1
11134,3
11135,1
11136,4
11137,3
11138,1
11139,2
11140,1
11141,1
11142,2
11143,0
11144,1
11145,2
11146,2
11147,1
11148,2
11149,1
11150,0
11151,2
11152,2
11153,1
11154,1
11155,0
11156,1
11157,1
11158,1
11159,3
11160,0
11161,0
11162,0
11163,2
11164,2
11165,1
11166,1
11167,1
11168,0
11169,1
11170,1
11171,2
11172,1
11173,1
11174,2
11175,2
11176,2
11177,1
11178,0
11179,2
11180,0
11181,1
11182,1
11183,1
11184,3
11185,3
11186,0
11187,1
11188,2
11189,1
11190,1
11191,3
11192,0
11193,1
11194,3
11195,0
11196,3
11197,0
11198,1
11199,2
11200,2
11201,0
11202,2
11203,2
11204,1
11205,2
11206,2
11207,2
11208,2
11209,0
11210,2
11211,0
11212,1
11213,2
11214,4
11215,1
11216,1
11217,4
11218,1
11219,1
11220,1
11221,2
11222,1
11223,2
11224,1
11225,0
11226,1
11227,2
11228,1
11229,1
11230,3
11231,1
11232,2
11233,2
11234,0
11235,1
11236,1
11237,0
11238,0
11239,1
11240,1
11241,1
11242,2
11243,1
11244,2
11245,2
11246,2
11247,3
11248,1
11249,0
11250,1
11251,1
11252,0
11253,1
11254,1
11255,0
11256,0
11257,1
11258,0
11259,1
11260,0
11261,4
11262,2
11263,3
11264,0
11265,2
11266,1
11267,0
11268,3
11269,2
11270,2
11271,0
11272,1
11273,0
11274,2
11275,1
11276,0
11277,1
11278,1
11279,2
11280,0
11281,1
11282,4
11283,1
11284,3
11285,1
11286,0
11287,0
11288,1
11289,2
11290,1
11291,2
11292,2
11293,4
11294,0
11295,2
11296,2
11297,2
11298,1
11299,1
11300,1
11301,2
11302,0
11303,2
11304,2
11305,1
11306,0
11307,0
11308,2
11309,5
11310,1
11311,5
11312,0
11313,0
11314,1
11315,1
11316,3
11317,1
11318,1
11319,3
11320,2
11321,1
11322,1
11323,3
11324,2
11325,0
11326,1
11327,3
11328,2
11329,1
11330,1
11331,1
11332,1
11333,2
11334,0
11335,0
11336,1
11337,1
11338,0
11339,0
11340,2
11341,1
11342,0
11343,2
11344,0
11345,1
11346,1
11347,0
11348,1
11349,1
11350,1
11351,2
11352,1
11353,2
11354,3
11355,0
11356,2
11357,3
11358,1
11359,1
11360,0
11361,0
11362,1
11363,1
11364,1
11365,2
11366,3
11367,2
11368,2
11369,1
11370,1
11371,4
11372,2
11373,1
11374,1
11375,2
11376,0
11377,4
11378,0
11379,1
11380,1
11381,1
11382,1
11383,1
11384,1
11385,3
11386,2
11387,1
11388,2
11389,2
11390,1
11391,2
11392,1
11393,2
11394,1
11395,1
11396,1
11397,1
11398,1
11399,0
11400,2
11401,1
11402,0
11403,0
11404,0
11405,2
11406,1
11407,2
11408,4
11409,1
11410,1
11411,2
11412,0
11413,0
11414,2
11415,2
11416,2
11417,2
11418,0
11419,1
11420,1
11421,1
11422,1
11423,0
11424,1
11425,1
11426,1
11427,2
11428,2
11429,0
11430,2
11431,1
11432,1
11433,2
11434,0
11435,1
11436,1
11437,1
11438,2
11439,1
11440,1
11441,1
11442,2
11443,0
11444,0
11445,0
11446,1
11447,0
11448,3
11449,1
11450,0
11451,2
11452,1
11453,1
11454,3
11455,2
11456,3
11457,1
11458,0
11459,2
11460,1
11461,2
11462,0
11463,1
11464,2
11465,4
11466,0
11467,1
11468,1
11469,0
11470,1
11471,4
11472,0
11473,1
11474,1
11475,1
11476,1
11477,2
11478,1
11479,2
11480,0
11481,0
11482,0
11483,1
11484,1
11485,3
11486,1
11487,2
11488,0
11489,1
11490,0
11491,1
11492,2
11493,0
11494,1
11495,1
11496,2
11497,2
11498,0
11499,2
11500,1
11501,1
11502,3
11503,0
11504,3
11505,2
11506,1
11507,2
11508,1
11509,2
11510,0
11511,2
11512,1
11513,3
11514,4
11515,1
11516,3
11517,1
11518,2
11519,4
11520,3
11521,1
11522,1
11523,1
11524,1
11525,0
11526,1
11527,2
11528,1
11529,1
11530,2
11531,0
11532,0
11533,1
11534,3
11535,0
11536,0
11537,4
11538,0
11539,1
11540,2
11541,2
11542,2
11543,1
11544,1
11545,0
11546,0
11547,1
11548,1
11549,1
11550,0
11551,1
11552,1
11553,1
11554,3
11555,1
11556,0
11557,3
11558,4
11559,0
11560,1
11561,1
11562,1
11563,0
11564,2
11565,3
11566,1
11567,2
11568,3
11569,1
11570,1
11571,2
11572,2
11573,1
11574,2
11575,6
11576,3
11577,0
11578,1
11579,1
11580,1
11581,0
11582,0
11583,0
11584,1
11585,0
11586,0
11587,4
11588,0
11589,0
11590,0
11591,3
11592,3
11593,1
11594,0
11595,1
11596,2
11597,0
11598,2
11599,1
11600,1
11601,1
11602,1
11603,2
11604,2
11605,4
11606,2
11607,3
11608,0
11609,1
11610,7
11611,1
11612,2
11613,2
11614,0
11615,2
11616,1
11617,1
11618,2
11619,2
11620,2
11621,1
11622,3
11623,1
11624,0
11625,0
11626,2
11627,1
11628,0
11629,2
11630,1
11631,4
11632,3
11633,2
11634,0
11635,1
11636,0
11637,0
11638,1
11639,2
11640,2
11641,2
11642,1
11643,1
11644,0
11645,2
11646,1
11647,1
11648,1
11649,0
11650,2
11651,2
11652,2
11653,0
11654,1
11655,1
11656,2
11657,0
11658,2
11659,2
11660,2
11661,2
11662,4
11663,3
11664,3
11665,1
11666,2
11667,2
11668,3
11669,2
11670,2
11671,1
11672,1
11673,2
11674,1
11675,0
11676,2
11677,0
11678,1
11679,4
11680,0
11681,0
11682,0
11683,1
11684,1
11685,0
11686,2
11687,1
11688,1
11689,0
11690,2
11691,2
11692,3
11693,0
11694,1
11695,2
11696,1
11697,2
11698,3
11699,3
11700,1
11701,3
11702,1
11703,0
11704,3
11705,0
11706,4
11707,2
11708,1
11709,0
11710,1
11711,0
11712,1
11713,0
11714,2
11715,1
11716,1
11717,0
11718,2
11719,1
11720,1
11721,0
11722,2
11723,0
11724,3
11725,3
11726,0
11727,1
11728,0
11729,1
11730,2
11731,2
11732,6
11733,3
11734,1
11735,0
11736,0
11737,3
11738,0
11739,2
11740,4
11741,1
11742,1
11743,0
11744,2
11745,0
11746,3
11747,1
11748,3
11749,0
11750,1
11751,2
11752,0
11753,3
11754,3
11755,2
11756,0
11757,0
11758,2
11759,4
11760,2
11761,1
11762,4
11763,1
11764,1
11765,2
11766,0
11767,1
11768,0
11769,0
11770,0
11771,1
11772,1
11773,0
11774,1
11775,3
11776,2
11777,0
11778,1
11779,0
11780,1
11781,1
11782,1
11783,1
11784,1
11785,0
11786,0
11787,2
11788,4
11789,1
11790,2
11791,1
11792,0
11793,3
11794,0
11795,1
11796,1
11797,0
11798,0
11799,3
11800,0
11801,1
11802,2
11803,3
11804,1
11805,3
11806,1
11807,1
11808,1
11809,2
11810,0
11811,0
11812,0
11813,3
11814,4
11815,0
11816,2
11817,3
11818,3
11819,1
11820,0
11821,4
11822,2
11823,2
11824,1
11825,2
11826,1
11827,1
11828,4
11829,2
11830,2
11831,1
11832,3
11833,0
11834,2
11835,1
11836,3
11837,2
11838,1
11839,0
11840,2
11841,0
11842,2
11843,0
11844,1
11845,3
11846,4
11847,2
11848,3
11849,1
11850,0
11851,3
11852,1
11853,2
11854,1
11855,1
11856,1
11857,1
11858,0
11859,3
11860,1
11861,0
11862,2
11863,0
11864,1
11865,0
11866,0
11867,0
11868,0
11869,2
11870,2
11871,1
11872,0
11873,0
11874,2
11875,1
11876,1
11877,3
11878,0
11879,1
11880,4
11881,1
11882,2
11883,2
11884,2
11885,0
11886,0
11887,1
11888,2
11889,1
11890,2
11891,1
11892,1
11893,1
11894,1
11895,1
11896,2
11897,2
11898,2
11899,1
11900,3
11901,0
11902,0
11903,2
11904,1
11905,1
11906,0
11907,0
11908,0
11909,2
11910,0
11911,1
11912,0
11913,2
11914,2
11915,0
11916,2
11917,1
11918,1
11919,1
11920,4
11921,2
11922,3
11923,0
11924,2
11925,2
11926,2
11927,1
11928,0
11929,0
11930,0
11931,0
11932,1
11933,0
11934,1
11935,1
11936,1
11937,1
11938,4
11939,1
11940,0
11941,0
11942,1
11943,1
11944,4
11945,3
11946,1
11947,2
11948,1
11949,3
11950,1
11951,2
11952,1
11953,3
11954,1
11955,1
11956,1
11957,1
11958,3
11959,0
11960,3
11961,1
11962,0
11963,0
11964,1
11965,0
11966,1
11967,1
11968,1
11969,2
11970,1
11971,1
11972,1
11973,1
11974,1
11975,1
11976,1
11977,1
11978,0
11979,2
11980,0
11981,2
11982,1
11983,2
11984,0
11985,0
11986,1
11987,1
11988,2
11989,2
11990,1
11991,2
11992,1
11993,2
11994,2
11995,2
11996,2
11997,0
11998,0
11999,1
12000,1
12001,2
12002,3
12003,0
12004,3
12005,1
12006,2
12007,2
12008,3
12009,2
12010,1
12011,0
12012,0
12013,4
12014,3
12015,0
12016,3
12017,0
12018,3
12019,2
12020,1
12021,0
12022,1
12023,2
12024,3
12025,1
12026,0
12027,1
12028,1
12029,1
12030,1
12031,0
12032,1
12033,0
12034,0
12035,1
12036,1
12037,2
12038,0
12039,4
12040,1
12041,1
12042,1
12043,2
12044,2
12045,1
12046,2
12047,1
12048,1
12049,2
12050,2
12051,0
12052,1
12053,1
12054,0
12055,2
12056,2
12057,3
12058,1
12059,1
12060,1
12061,3
12062,1
12063,0
12064,1
12065,0
12066,1
12067,2
12068,0
12069,0
12070,2
12071,2
12072,2
12073,1
12074,0
12075,2
12076,3
12077,3
12078,2
12079,0
12080,2
12081,3
12082,2
12083,1
12084,0
12085,1
12086,3
12087,1
12088,1
12089,3
12090,2
12091,1
12092,1
12093,1
12094,1
12095,1
12096,0
12097,2
12098,2
12099,2
12100,3
12101,2
12102,2
12103,1
12104,2
12105,0
12106,1
12107,0
12108,1
12109,2
12110,3
12111,1
12112,1
12113,1
12114,2
12115,2
12116,2
12117,1
12118,1
12119,1
12120,2
12121,2
12122,0
12123,2
12124,3
12125,2
12126,1
12127,3
12128,0
12129,2
12130,3
12131,1
12132,2
12133,0
12134,0
12135,2
12136,1
12137,1
12138,1
12139,1
12140,0
12141,2
12142,1
12143,0
12144,1
12145,2
12146,0
12147,0
12148,2
12149,1
12150,0
12151,0
12152,2
12153,0
12154,2
12155,2
12156,2
12157,0
12158,2
12159,2
12160,0
12161,1
12162,2
12163,2
12164,2
12165,2
12166,1
12167,3
12168,3
12169,1
12170,1
12171,0
12172,1
12173,0
12174,2
12175,2
12176,1
12177,1
12178,1
12179,2
12180,1
12181,1
12182,2
12183,1
12184,0
12185,1
12186,3
12187,3
12188,1
12189,1
12190,2
12191,4
12192,0
12193,4
12194,2
12195,2
12196,1
12197,2
12198,1
12199,0
12200,1
12201,3
12202,0
12203,0
12204,1
12205,0
12206,2
12207,1
12208,3
12209,2
12210,2
12211,1
12212,1
12213,2
12214,0
12215,2
12216,2
12217,0
12218,1
12219,0
12220,1
12221,0
12222,1
12223,1
12224,1
12225,1
12226,0
12227,3
12228,1
12229,1
12230,2
12231,0
12232,1
12233,2
12234,0
12235,2
12236,3
12237,1
12238,0
12239,0
12240,2
12241,4
12242,2
12243,1
12244,1
12245,1
12246,1
12247,0
12248,0
12249,2
12250,2
12251,1
12252,0
12253,1
12254,0
12255,0
12256,0
12257,2
12258,1
12259,2
12260,3
12261,1
12262,2
12263,2
12264,1
12265,1
12266,2
12267,1
12268,1
12269,2
12270,3
12271,1
12272,1
12273,3
12274,1
12275,0
12276,0
12277,1
12278,1
12279,1
12280,2
12281,2
12282,0
12283,1
12284,2
12285,1
12286,0
12287,2
12288,0
12289,2
12290,0
12291,0
12292,2
12293,1
12294,0
12295,1
12296,3
12297,3
12298,1
12299,2
12300,0
12301,2
12302,0
12303,1
12304,2
12305,1
12306,3
12307,2
12308,1
12309,1
12310,2
12311,1
12312,0
12313,0
12314,0
12315,3
12316,4
12317,0
12318,1
12319,1
12320,0
12321,1
12322,0
12323,2
12324,2
12325,1
12326,0
12327,3
12328,0
12329,0
12330,1
12331,1
12332,3
12333,0
12334,2
12335,1
12336,1
12337,2
12338,2
12339,0
12340,0
12341,0
12342,1
12343,0
12344,1
12345,2
12346,1
12347,3
12348,1
12349,1
12350,2
12351,1
12352,1
12353,3
12354,3
12355,2
12356,0
12357,0
12358,1
12359,1
12360,0
12361,2
12362,1
12363,1
12364,2
12365,1
12366,2
12367,2
12368,5
12369,2
12370,2
12371,1
12372,0
12373,1
12374,2
12375,1
12376,3
12377,4
12378,2
12379,1
12380,0
12381,2
12382,0
12383,0
12384,2
12385,0
12386,3
12387,0
12388,0
12389,3
12390,1
12391,1
12392,0
12393,3
12394,2
12395,3
12396,0
12397,1
12398,3
12399,2
12400,0
12401,1
12402,4
12403,0
12404,2
12405,3
12406,1
12407,0
12408,2
12409,2
12410,4
12411,2
12412,2
12413,5
12414,3
12415,3
12416,0
12417,3
12418,1
12419,3
12420,1
12421,0
12422,3
12423,3
12424,1
12425,2
12426,2
12427,2
12428,1
12429,0
12430,2
12431,2
12432,1
12433,1
12434,1
12435,2
12436,2
12437,1
12438,1
12439,2
12440,1
12441,2
12442,0
12443,1
12444,2
12445,2
12446,2
12447,2
12448,2
12449,2
12450,0
12451,3
12452,2
12453,3
12454,4
12455,1
12456,1
12457,0
12458,0
12459,0
12460,2
12461,1
12462,0
12463,1
12464,1
12465,1
12466,0
12467,1
12468,1
12469,2
12470,0
12471,3
12472,1
12473,0
12474,0
12475,0
12476,1
12477,0
12478,0
12479,0
12480,3
12481,1
12482,1
12483,3
12484,1
12485,3
12486,1
12487,0
12488,4
12489,1
12490,3
12491,3
12492,3
12493,1
12494,3
12495,0
12496,0
12497,1
12498,0
12499,1
12500,3
12501,0
12502,0
12503,0
12504,0
12505,0
12506,1
12507,2
12508,0
12509,4
12510,1
12511,2
12512,2
12513,1
12514,3
12515,0
12516,3
12517,2
12518,3
12519,0
12520,0
12521,3
12522,1
12523,1
12524,1
12525,2
12526,2
12527,1
12528,1
12529,1
12530,0
12531,1
12532,1
12533,1
12534,1
12535,1
12536,3
12537,3
12538,5
12539,2
12540,1
12541,1
12542,1
12543,2
12544,1
12545,0
12546,3
12547,0
12548,0
12549,0
12550,1
12551,2
12552,1
12553,2
12554,1
12555,0
12556,1
12557,1
12558,2
12559,1
12560,1
12561,1
12562,1
12563,1
12564,1
12565,0
12566,2
12567,3
12568,1
12569,2
12570,0
12571,1
12572,3
12573,0
12574,1
12575,1
12576,1
12577,2
12578,0
12579,1
12580,3
12581,0
12582,1
12583,0
12584,4
12585,2
12586,2
12587,0
12588,0
12589,1
12590,2
12591,0
12592,1
12593,3
12594,2
12595,4
12596,1
12597,2
12598,3
12599,1
12600,1
12601,1
12602,3
12603,1
12604,2
12605,5
12606,2
12607,1
12608,1
12609,1
12610,1
12611,3
12612,2
12613,1
12614,0
12615,1
12616,1
12617,5
12618,2
12619,0
12620,0
12621,1
12622,3
12623,1
12624,2
12625,3
12626,0
12627,0
12628,1
12629,1
12630,2
12631,3
12632,3
12633,1
12634,2
12635,1
12636,1
12637,1
12638,3
12639,3
12640,2
12641,4
12642,0
12643,3
12644,1
12645,1
12646,1
12647,4
12648,1
12649,2
12650,2
12651,1
12652,4
12653,2
12654,2
12655,1
12656,2
12657,1
12658,0
12659,3
12660,1
12661,1
12662,2
12663,0
12664,2
12665,3
12666,1
12667,1
12668,2
12669,0
12670,0
12671,3
12672,2
12673,2
12674,2
12675,1
12676,1
12677,0
12678,2
12679,1
12680,0
12681,1
12682,0
12683,1
12684,1
12685,0
12686,0
12687,3
12688,0
12689,2
12690,0
12691,4
12692,1
12693,2
12694,1
12695,2
12696,0
12697,0
12698,1
12699,3
12700,1
12701,2
12702,4
12703,0
12704,0
12705,2
12706,0
12707,1
12708,2
12709,0
12710,1
12711,1
12712,2
12713,1
12714,3
12715,0
12716,1
12717,0
12718,1
12719,1
12720,1
12721,0
12722,3
12723,0
12724,1
12725,1
12726,2
12727,0
12728,4
12729,3
12730,2
12731,3
12732,0
12733,2
12734,4
12735,0
12736,0
12737,1
12738,1
12739,1
12740,1
12741,0
12742,2
12743,0
12744,1
12745,1
12746,1
12747,2
12748,2
12749,2
12750,0
12751,2
12752,0
12753,2
12754,0
12755,1
12756,2
12757,1
12758,2
12759,4
12760,4
12761,0
12762,2
12763,0
12764,2
12765,2
12766,0
12767,3
12768,1
12769,0
12770,2
12771,2
12772,1
12773,1
12774,1
12775,1
12776,0
12777,1
12778,3
12779,1
12780,0
12781,1
12782,2
12783,3
12784,3
12785,1
12786,2
12787,3
12788,2
12789,1
12790,2
12791,2
12792,0
12793,3
12794,1
12795,2
12796,1
12797,5
12798,1
12799,2
12800,0
12801,4
12802,1
12803,0
12804,1
12805,3
12806,1
12807,0
12808,2
12809,1
12810,1
12811,1
12812,5
12813,2
12814,1
12815,2
12816,4
12817,2
12818,1
12819,1
12820,2
12821,4
12822,3
12823,0
12824,0
12825,1
12826,2
12827,0
12828,1
12829,1
12830,1
12831,1
12832,0
12833,2
12834,1
12835,1
12836,1
12837,1
12838,3
12839,0
12840,3
12841,1
12842,2
12843,1
12844,2
12845,2
12846,0
12847,2
12848,0
12849,3
12850,2
12851,0
12852,1
12853,2
12854,1
12855,0
12856,2
12857,3
12858,1
12859,2
12860,2
12861,3
12862,1
12863,1
12864,1
12865,1
12866,0
12867,2
12868,0
12869,1
12870,4
12871,1
12872,2
12873,3
12874,2
12875,1
12876,0
12877,3
12878,0
12879,1
12880,1
12881,1
12882,4
12883,0
12884,0
12885,2
12886,0
12887,2
12888,1
12889,2
12890,1
12891,1
12892,1
12893,4
12894,0
12895,1
12896,0
12897,2
12898,1
12899,3
12900,2
12901,1
12902,0
12903,2
12904,5
12905,0
12906,0
12907,2
12908,4
12909,0
12910,0
12911,0
12912,0
12913,4
12914,1
12915,1
12916,0
12917,1
12918,4
12919,2
12920,2
12921,1
12922,3
12923,1
12924,1
12925,4
12926,1
12927,0
12928,0
12929,2
12930,6
12931,2
12932,1
12933,2
12934,2
12935,1
12936,4
12937,1
12938,0
12939,0
12940,1
12941,1
12942,2
12943,2
12944,2
12945,1
12946,1
12947,1
12948,2
12949,3
12950,3
12951,1
12952,0
12953,0
12954,2
12955,1
12956,3
12957,1
12958,0
12959,2
12960,3
12961,1
12962,0
12963,2
12964,2
12965,1
12966,1
12967,0
12968,1
12969,2
12970,3
12971,1
12972,3
12973,1
12974,1
12975,2
12976,3
12977,0
12978,1
12979,2
12980,3
12981,2
12982,2
12983,0
12984,0
12985,0
12986,1
12987,0
12988,5
12989,0
12990,1
12991,0
12992,2
12993,1
12994,3
12995,2
12996,0
12997,0
12998,2
12999,2
13000,2
13001,1
13002,0
13003,1
13004,0
13005,0
13006,1
13007,1
13008,2
13009,3
13010,1
13011,2
13012,2
13013,0
13014,0
13015,2
13016,1
13017,2
13018,3
13019,2
13020,3
13021,3
13022,0
13023,0
13024,1
13025,2
13026,1
13027,1
13028,2
13029,0
13030,0
13031,2
13032,1
13033,1
13034,2
13035,0
13036,1
13037,0
13038,4
13039,1
13040,3
13041,2
13042,0
13043,0
13044,1
13045,5
13046,0
13047,2
13048,1
13049,0
13050,1
13051,2
13052,0
13053,1
13054,1
13055,2
13056,1
13057,1
13058,0
13059,0
13060,0
13061,1
13062,1
13063,1
13064,1
13065,2
13066,4
13067,1
13068,0
13069,0
13070,2
13071,0
13072,2
13073,2
13074,2
13075,2
13076,2
13077,1
13078,3
13079,3
13080,1
13081,2
13082,0
13083,1
13084,3
13085,3
13086,2
13087,0
13088,1
13089,1
13090,2
13091,2
13092,0
13093,1
13094,2
13095,2
13096,2
13097,2
13098,1
13099,1
13100,1
13101,2
13102,0
13103,1
13104,0
13105,1
13106,0
13107,1
13108,1
13109,1
13110,1
13111,1
13112,2
13113,3
13114,0
13115,1
13116,1
13117,1
13118,1
13119,1
13120,1
13121,1
13122,0
13123,1
13124,1
13125,2
13126,0
13127,3
13128,3
13129,0
13130,0
13131,3
13132,2
13133,3
13134,1
13135,3
13136,1
13137,0
13138,1
13139,2
13140,1
13141,1
13142,1
13143,3
13144,1
13145,1
13146,2
13147,0
13148,2
13149,2
13150,2
13151,1
13152,1
13153,0
13154,0
13155,0
13156,3
13157,1
13158,1
13159,1
13160,0
13161,3
13162,3
13163,1
13164,2
13165,1
13166,1
13167,0
13168,3
13169,5
13170,2
13171,0
13172,0
13173,0
13174,0
13175,4
13176,2
13177,1
13178,2
13179,1
13180,2
13181,2
13182,2
13183,1
13184,1
13185,0
13186,0
13187,0
13188,1
13189,0
13190,2
13191,3
13192,2
13193,1
13194,1
13195,3
13196,0
13197,1
13198,0
13199,2
13200,1
13201,0
13202,1
13203,1
13204,2
13205,2
13206,3
13207,1
13208,0
13209,0
13210,2
13211,2
13212,2
13213,0
13214,1
13215,0
13216,0
13217,0
13218,2
13219,3
13220,2
13221,0
13222,1
13223,2
13224,2
13225,0
13226,1
13227,0
13228,2
13229,1
13230,3
13231,0
13232,2
13233,0
13234,3
13235,0
13236,2
13237,0
13238,5
13239,0
13240,1
13241,1
13242,2
13243,2
13244,0
13245,2
13246,3
13247,2
13248,5
13249,1
13250,1
13251,2
13252,1
13253,1
13254,1
13255,1
13256,1
13257,2
13258,3
13259,6
13260,1
13261,1
13262,3
13263,2
13264,3
13265,0
13266,1
13267,0
13268,2
13269,1
13270,3
13271,3
13272,4
13273,3
13274,1
13275,2
13276,3
13277,1
13278,1
13279,0
13280,2
13281,2
13282,3
13283,2
13284,1
13285,0
13286,0
13287,0
13288,2
13289,1
13290,0
13291,1
13292,4
13293,1
13294,2
13295,0
13296,1
13297,1
13298,1
13299,0
13300,2
13301,0
13302,2
13303,0
13304,1
13305,1
13306,4
13307,2
13308,0
13309,3
13310,1
13311,2
13312,4
13313,1
13314,0
13315,0
13316,2
13317,0
13318,1
13319,0
13320,1
13321,2
13322,2
13323,2
13324,1
13325,1
13326,2
13327,2
13328,3
13329,1
13330,1
13331,1
13332,0
13333,1
13334,1
13335,1
13336,2
13337,2
13338,2
13339,0
13340,0
13341,1
13342,1
13343,2
13344,2
13345,1
13346,1
13347,0
13348,0
13349,3
13350,1
13351,3
13352,3
13353,1
13354,1
13355,2
13356,1
13357,0
13358,3
13359,1
13360,0
13361,0
13362,0
13363,1
13364,3
13365,3
13366,0
13367,2
13368,1
13369,2
13370,1
13371,1
13372,2
13373,1
13374,2
13375,1
13376,2
13377,2
13378,0
13379,1
13380,2
13381,3
13382,1
13383,0
13384,0
13385,3
13386,1
13387,3
13388,2
13389,1
13390,3
13391,0
13392,1
13393,0
13394,0
13395,3
13396,3
13397,2
13398,0
13399,0
13400,3
13401,1
13402,1
13403,1
13404,1
13405,2
13406,2
13407,1
13408,1
13409,2
13410,0
13411,0
13412,0
13413,1
13414,3
13415,0
13416,1
13417,3
13418,2
13419,3
13420,1
13421,1
13422,0
13423,2
13424,2
13425,0
13426,1
13427,2
13428,1
13429,1
13430,1
13431,0
13432,1
13433,2
13434,2
13435,1
13436,2
13437,1
13438,2
13439,0
13440,2
13441,1
13442,2
13443,0
13444,3
13445,1
13446,4
13447,1
13448,2
13449,0
13450,2
13451,1
13452,1
13453,1
13454,4
13455,2
13456,1
13457,0
13458,0
13459,3
13460,2
13461,2
13462,1
13463,1
13464,1
13465,2
13466,2
13467,1
13468,2
13469,1
13470,0
13471,1
13472,0
13473,2
13474,1
13475,1
13476,0
13477,1
13478,2
13479,1
13480,1
13481,1
13482,0
13483,4
13484,0
13485,1
13486,1
13487,0
13488,1
13489,2
13490,1
13491,2
13492,3
13493,0
13494,2
13495,0
13496,1
13497,1
13498,1
13499,1
13500,0
13501,0
13502,1
13503,1
13504,1
13505,1
13506,1
13507,2
13508,1
13509,1
13510,0
13511,1
13512,1
13513,1
13514,2
13515,2
13516,0
13517,0
13518,1
13519,1
13520,2
13521,1
13522,1
13523,1
13524,1
13525,0
13526,1
13527,1
13528,0
13529,0
13530,3
13531,1
13532,0
13533,0
13534,3
13535,4
13536,1
13537,0
13538,2
13539,2
13540,0
13541,1
13542,0
13543,0
13544,0
13545,1
13546,1
13547,0
13548,2
13549,2
13550,2
13551,0
13552,0
13553,0
13554,0
13555,0
13556,0
13557,1
13558,1
13559,0
13560,0
13561,0
13562,2
13563,1
13564,1
13565,1
13566,3
13567,1
13568,0
13569,0
13570,2
13571,0
13572,3
13573,0
13574,1
13575,0
13576,0
13577,2
13578,0
13579,0
13580,0
13581,1
13582,0
13583,1
13584,1
13585,0
13586,0
13587,0
13588,3
13589,1
13590,1
13591,2
13592,2
13593,3
13594,0
13595,1
13596,0
13597,3
13598,0
13599,0
13600,1
13601,0
13602,0
13603,1
13604,1
13605,0
13606,0
13607,0
13608,0
13609,0
13610,1
13611,0
13612,1
13613,1
13614,0
13615,2
13616,1
13617,2
13618,1
13619,1
13620,0
13621,2
13622,0
13623,1
13624,0
13625,1
13626,0
13627,0
13628,1
13629,0
13630,0
13631,1
13632,1
13633,1
13634,0
13635,0
13636,2
13637,1
13638,3
13639,0
13640,0
13641,0
13642,1
13643,0
13644,1
13645,0
13646,0
13647,0
13648,0
13649,0
13650,0
13651,0
13652,0
13653,2
13654,0
13655,0
13656,2
13657,0
13658,1
13659,1
13660,3
13661,1
13662,1
13663,0
13664,1
13665,0
13666,0
13667,0
13668,2
13669,0
13670,0
13671,1
13672,0
13673,1
13674,0
13675,0
13676,0
13677,0
13678,1
13679,0
13680,0
13681,0
13682,2
13683,1
13684,3
13685,0
13686,1
13687,1
13688,0
13689,0
13690,1
13691,1
13692,2
13693,1
13694,0
13695,0
13696,0
13697,0
13698,1
13699,0
13700,0
13701,0
13702,0
13703,1
13704,1
13705,0
13706,1
13707,0
13708,0
13709,1
13710,2
13711,0
13712,0
13713,0
13714,0
13715,0
13716,0
13717,0
13718,4
13719,0
13720,0
13721,2
13722,1
13723,0
13724,0
13725,1
13726,0
13727,0
13728,0
13729,4
13730,0
13731,0
13732,0
13733,0
13734,0
13735,1
13736,0
13737,2
13738,0
13739,0
13740,0
13741,0
13742,0
13743,0
13744,0
13745,0
13746,0
13747,0
13748,0
13749,1
13750,0
13751,0
13752,0
13753,3
13754,0
13755,0
13756,0
13757,0
13758,3
13759,1
13760,0
13761,0
13762,0
13763,3
13764,0
13765,0
13766,1
13767,0
13768,0
13769,0
13770,1
13771,0
13772,0
13773,0
13774,1
13775,0
13776,1
13777,1
13778,0
13779,0
13780,1
13781,2
13782,0
13783,0
13784,0
13785,1
13786,1
13787,3
13788,1
13789,1
13790,1
13791,0
13792,0
13793,1
13794,1
13795,4
13796,1
13797,0
13798,0
13799,0
13800,1
13801,1
13802,1
13803,0
13804,0
13805,3
13806,0
13807,0
13808,3
13809,0
13810,0
13811,1
13812,2
13813,1
13814,0
13815,4
13816,0
13817,0
13818,0
13819,0
13820,0
13821,0
13822,3
13823,0
13824,3
13825,0
13826,2
13827,0
13828,2
13829,0
13830,1
13831,0
13832,0
13833,0
13834,0
13835,0
13836,0
13837,1
13838,1
13839,1
13840,1
13841,1
13842,2
13843,1
13844,0
13845,0
13846,2
13847,1
13848,0
13849,0
13850,0
13851,1
13852,0
13853,1
13854,1
13855,0
13856,1
13857,0
13858,1
13859,0
13860,1
13861,0
13862,0
13863,0
13864,0
13865,0
13866,1
13867,1
13868,0
13869,1
13870,0
13871,0
13872,0
13873,0
13874,0
13875,3
13876,0
13877,0
13878,1
13879,0
13880,0
13881,1
13882,0
13883,0
13884,0
13885,0
13886,1
13887,2
13888,2
13889,2
13890,3
13891,1
13892,0
13893,0
13894,4
13895,0
13896,0
13897,1
13898,1
13899,2
13900,1
13901,0
13902,1
13903,0
13904,0
13905,0
13906,0
13907,1
13908,0
13909,0
13910,2
13911,0
13912,0
13913,3
13914,0
13915,1
13916,0
13917,1
13918,0
13919,0
13920,0
13921,2
13922,0
13923,0
13924,0
13925,1
13926,1
13927,0
13928,2
13929,0
13930,1
13931,0
13932,0
13933,0
13934,2
13935,0
13936,0
13937,0
13938,0
13939,0
13940,2
13941,0
13942,0
13943,0
13944,0
13945,0
13946,0
13947,0
13948,3
13949,0
13950,1
13951,1
13952,1
13953,0
13954,2
13955,1
13956,0
13957,0
13958,0
13959,3
13960,0
13961,0
13962,0
13963,0
13964,1
13965,1
13966,0
13967,0
13968,0
13969,0
13970,2
13971,1
13972,1
13973,1
13974,1
13975,0
13976,1
13977,0
13978,1
13979,1
13980,0
13981,2
13982,2
13983,1
13984,1
13985,1
13986,0
13987,0
13988,1
13989,1
13990,1
13991,0
13992,0
13993,2
13994,2
13995,1
13996,0
13997,0
13998,1
13999,0
14000,0
14001,0
14002,1
14003,0
14004,1
14005,0
14006,0
14007,0
14008,1
14009,0
14010,1
14011,0
14012,0
14013,2
14014,5
14015,1
14016,0
14017,0
14018,0
14019,1
14020,0
14021,0
14022,0
14023,0
14024,0
14025,0
14026,0
14027,1
14028,0
14029,0
14030,0
14031,0
14032,0
14033,0
14034,0
14035,0
14036,0
14037,0
14038,0
14039,1
14040,0
14041,0
14042,0
14043,2
14044,0
14045,0
14046,1
14047,0
14048,2
14049,1
14050,1
14051,0
14052,0
14053,0
14054,1
14055,0
14056,0
14057,2
14058,6
14059,1
14060,1
14061,0
14062,0
14063,2
14064,1
14065,1
14066,1
14067,0
14068,1
14069,3
14070,2
14071,3
14072,0
14073,0
14074,0
14075,0
14076,0
14077,0
14078,1
14079,0
14080,1
14081,1
14082,0
14083,0
14084,0
14085,1
14086,0
14087,1
14088,2
14089,0
14090,0
14091,0
14092,0
14093,0
14094,1
14095,0
14096,0
14097,0
14098,0
14099,0
14100,0
14101,0
14102,3
14103,1
14104,1
14105,1
14106,1
14107,0
14108,0
14109,1
14110,1
14111,1
14112,1
14113,0
14114,4
14115,1
14116,0
14117,1
14118,0
14119,1
14120,1
14121,0
14122,1
14123,1
14124,0
14125,0
14126,0
14127,0
14128,1
14129,0
14130,0
14131,0
14132,0
14133,0
14134,1
14135,0
14136,0
14137,1
14138,0
14139,1
14140,0
14141,2
14142,0
14143,1
14144,0
14145,0
14146,1
14147,0
14148,3
14149,0
14150,0
14151,0
14152,3
14153,0
14154,1
14155,0
14156,1
14157,0
14158,0
14159,1
14160,1
14161,1
14162,1
14163,2
14164,1
14165,2
14166,1
14167,0
14168,1
14169,1
14170,0
14171,0
14172,0
14173,0
14174,0
14175,0
14176,1
14177,1
14178,0
14179,1
14180,0
14181,2
14182,0
14183,0
14184,0
14185,1
14186,1
14187,1
14188,1
14189,0
14190,3
14191,0
14192,1
14193,1
14194,0
14195,1
14196,0
14197,0
14198,0
14199,0
14200,0
14201,0
14202,1
14203,0
14204,2
14205,0
14206,3
14207,1
14208,0
14209,0
14210,0
14211,0
14212,1
14213,1
14214,0
14215,0
14216,0
14217,0
14218,0
14219,1
14220,0
14221,0
14222,0
14223,1
14224,2
14225,0
14226,1
14227,0
14228,1
14229,3
14230,0
14231,1
14232,0
14233,1
14234,0
14235,0
14236,0
14237,0
14238,2
14239,0
14240,1
14241,0
14242,0
14243,1
14244,1
14245,0
14246,6
14247,0
14248,2
14249,0
14250,1
14251,0
14252,0
14253,0
14254,1
14255,3
14256,0
14257,1
14258,0
14259,0
14260,1
14261,1
14262,0
14263,0
14264,2
14265,2
14266,1
14267,1
14268,1
14269,1
14270,0
14271,0
14272,0
14273,0
14274,0
14275,2
14276,0
14277,0
14278,1
14279,1
14280,0
14281,4
14282,1
14283,1
14284,3
14285,0
14286,0
14287,3
14288,1
14289,1
14290,0
14291,0
14292,0
14293,0
14294,1
14295,0
14296,0
14297,0
14298,2
14299,0
14300,0
14301,1
14302,2
14303,1
14304,0
14305,0
14306,0
14307,0
14308,1
14309,1
14310,0
14311,1
14312,1
14313,1
14314,0
14315,0
14316,0
14317,0
14318,1
14319,0
14320,0
14321,2
14322,1
14323,0
14324,1
14325,1
14326,1
14327,1
14328,0
14329,0
14330,1
14331,0
14332,0
14333,0
14334,0
14335,1
14336,0
14337,2
14338,2
14339,1
14340,0
14341,2
14342,1
14343,0
14344,0
14345,0
14346,1
14347,1
14348,0
14349,2
14350,0
14351,1
14352,0
14353,0
14354,0
14355,1
14356,0
14357,1
14358,0
14359,2
14360,1
14361,0
14362,1
14363,2
14364,1
14365,0
14366,1
14367,1
14368,0
14369,0
14370,0
14371,0
14372,1
14373,0
14374,2
14375,1
14376,1
14377,2
14378,0
14379,0
14380,1
14381,2
14382,1
14383,0
14384,3
14385,0
14386,1
14387,0
14388,0
14389,0
14390,1
14391,1
14392,3
14393,0
14394,0
14395,1
14396,0
14397,1
14398,1
14399,1
14400,1
14401,2
14402,0
14403,1
14404,1
14405,1
14406,3
14407,1
14408,0
14409,0
14410,0
14411,0
14412,1
14413,2
14414,0
14415,0
14416,2
14417,0
14418,1
14419,2
14420,2
14421,0
14422,0
14423,0
14424,2
14425,3
14426,2
14427,0
14428,2
14429,4
14430,0
14431,0
14432,1
14433,0
14434,0
14435,1
14436,1
14437,0
14438,1
14439,1
14440,0
14441,0
14442,1
14443,1
14444,0
14445,0
14446,1
14447,0
14448,1
14449,3
14450,1
14451,0
14452,0
14453,1
14454,1
14455,0
14456,0
14457,1
14458,2
14459,1
14460,1
14461,0
14462,0
14463,1
14464,1
14465,0
14466,1
14467,1
14468,0
14469,1
14470,0
14471,0
14472,2
14473,1
14474,0
14475,0
14476,0
14477,1
14478,0
14479,1
14480,0
14481,0
14482,1
14483,1
14484,1
14485,0
14486,1
14487,1
14488,2
14489,0
14490,1
14491,0
14492,1
14493,2
14494,0
14495,0
14496,0
14497,0
14498,1
14499,0
14500,0
14501,2
14502,1
14503,0
14504,1
14505,0
14506,0
14507,0
14508,0
14509,1
14510,1
14511,0
14512,1
14513,1
14514,2
14515,0
14516,0
14517,0
14518,2
14519,0
14520,1
14521,1
14522,0
14523,1
14524,0
14525,0
14526,2
14527,1
14528,0
14529,1
14530,0
14531,0
14532,0
14533,0
14534,1
14535,2
14536,0
14537,0
14538,1
14539,2
14540,0
14541,0
14542,1
14543,0
14544,0
14545,0
14546,0
14547,0
14548,0
14549,0
14550,1
14551,0
14552,0
14553,2
14554,0
14555,0
14556,0
14557,0
14558,4
14559,0
14560,0
14561,0
14562,1
14563,1
14564,0
14565,0
14566,0
14567,0
14568,1
14569,3
14570,0
14571,1
14572,0
14573,1
14574,0
14575,1
14576,0
14577,1
14578,0
14579,0
14580,2
14581,1
14582,0
14583,3
14584,0
14585,0
14586,0
14587,0
14588,1
14589,2
14590,1
14591,0
14592,2
14593,0
14594,0
14595,0
14596,0
14597,2
14598,1
14599,0
14600,0
14601,0
14602,1
14603,0
14604,0
14605,0
14606,2
14607,1
14608,0
14609,1
14610,0
14611,0
14612,1
14613,1
14614,0
14615,1
14616,0
14617,0
14618,0
14619,1
14620,2
14621,2
14622,0
14623,2
14624,1
14625,0
14626,0
14627,1
14628,2
14629,1
14630,0
14631,0
14632,5
14633,0
14634,0
14635,0
14636,0
14637,2
14638,1
14639,0
14640,0
14641,1
14642,0
14643,0
14644,0
14645,2
14646,2
14647,0
14648,1
14649,1
14650,1
14651,0
14652,1
14653,1
14654,1
14655,0
14656,0
14657,1
14658,0
14659,0
14660,1
14661,0
14662,0
14663,1
14664,1
14665,0
14666,2
14667,0
14668,0
14669,1
14670,1
14671,0
14672,1
14673,1
14674,2
14675,2
14676,0
14677,1
14678,2
14679,0
14680,2
14681,0
14682,0
14683,0
14684,0
14685,1
14686,1
14687,0
14688,1
14689,0
14690,1
14691,0
14692,0
14693,0
14694,0
14695,1
14696,1
14697,0
14698,0
14699,0
14700,1
14701,1
14702,0
14703,1
14704,1
14705,1
14706,1
14707,3
14708,0
14709,0
14710,0
14711,0
14712,0
14713,0
14714,0
14715,0
14716,0
14717,0
14718,0
14719,1
14720,0
14721,1
14722,2
14723,2
14724,0
14725,0
14726,0
14727,0
14728,0
14729,0
14730,0
14731,1
14732,0
14733,0
14734,0
14735,0
14736,0
14737,1
14738,8
14739,1
14740,0
14741,0
14742,1
14743,1
14744,1
14745,1
14746,0
14747,0
14748,0
14749,2
14750,0
14751,1
14752,0
14753,1
14754,1
14755,0
14756,1
14757,1
14758,1
14759,2
14760,1
14761,1
14762,1
14763,0
14764,1
14765,0
14766,0
14767,0
14768,0
14769,0
14770,0
14771,1
14772,2
14773,0
14774,2
14775,0
14776,2
14777,1
14778,2
14779,1
14780,1
14781,2
14782,0
14783,0
14784,1
14785,0
14786,0
14787,1
14788,0
14789,3
14790,1
14791,0
14792,1
14793,0
14794,0
14795,3
14796,3
14797,0
14798,3
14799,2
14800,0
14801,0
14802,1
14803,0
14804,0
14805,2
14806,2
14807,2
14808,0
14809,1
14810,1
14811,1
14812,0
14813,1
14814,0
14815,0
14816,0
14817,1
14818,0
14819,0
14820,1
14821,4
14822,1
14823,0
14824,0
14825,1
14826,2
14827,1
14828,1
14829,0
14830,1
14831,0
14832,1
14833,2
14834,2
14835,1
14836,0
14837,0
14838,0
14839,0
14840,1
14841,1
14842,0
14843,0
14844,0
14845,0
14846,0
14847,0
14848,0
14849,0
14850,0
14851,0
14852,1
14853,1
14854,0
14855,0
14856,1
14857,1
14858,0
14859,3
14860,0
14861,0
14862,0
14863,0
14864,1
14865,2
14866,1
14867,0
14868,0
14869,0
14870,2
14871,0
14872,0
14873,1
14874,3
14875,1
14876,1
14877,1
14878,2
14879,1
14880,2
14881,0
14882,1
14883,1
14884,1
14885,1
14886,1
14887,2
14888,1
14889,1
14890,1
14891,1
14892,3
14893,2
14894,2
14895,0
14896,2
14897,1
14898,1
14899,2
14900,2
14901,0
14902,1
14903,0
14904,1
14905,0
14906,0
14907,0
14908,1
14909,0
14910,3
14911,1
14912,1
14913,1
14914,1
14915,0
14916,1
14917,0
14918,1
14919,0
14920,1
14921,1
14922,2
14923,1
14924,0
14925,0
14926,0
14927,0
14928,2
14929,2
14930,1
14931,0
14932,2
14933,1
14934,0
14935,1
14936,0
14937,0
14938,0
14939,0
14940,0
14941,0
14942,1
14943,1
14944,0
14945,0
14946,1
14947,0
14948,0
14949,0
14950,1
14951,0
14952,0
14953,0
14954,0
14955,1
14956,0
14957,1
14958,0
14959,1
14960,2
14961,0
14962,1
14963,1
14964,1
14965,3
14966,1
14967,0
14968,1
14969,1
14970,0
14971,1
14972,0
14973,1
14974,1
14975,2
14976,0
14977,1
14978,0
14979,0
14980,0
14981,0
14982,1
14983,0
14984,0
14985,1
14986,1
14987,0
14988,1
14989,0
14990,1
14991,1
14992,1
14993,0
14994,0
14995,2
14996,1
14997,0
14998,0
14999,0
15000,0
15001,0
15002,0
15003,0
15004,0
15005,0
15006,1
15007,1
15008,2
15009,0
15010,2
15011,0
15012,0
15013,1
15014,0
15015,3
15016,1
15017,0
15018,1
15019,0
15020,2
15021,1
15022,0
15023,0
15024,1
15025,1
15026,1
15027,1
15028,1
15029,0
15030,2
15031,2
15032,0
15033,2
15034,1
15035,0
15036,0
15037,0
15038,0
15039,2
15040,2
15041,2
15042,0
15043,0
15044,0
15045,2
15046,0
15047,0
15048,2
15049,1
15050,1
15051,1
15052,0
15053,1
15054,1
15055,1
15056,0
15057,0
15058,0
15059,0
15060,0
15061,1
15062,0
15063,0
15064,1
15065,1
15066,0
15067,1
15068,1
15069,0
15070,1
15071,1
15072,0
15073,0
15074,0
15075,1
15076,0
15077,1
15078,0
15079,0
15080,2
15081,3
15082,1
15083,1
15084,1
15085,0
15086,0
15087,1
15088,1
15089,0
15090,0
15091,1
15092,2
15093,1
15094,1
15095,0
15096,1
15097,0
15098,0
15099,1
15100,0
15101,0
15102,0
15103,0
15104,0
15105,1
15106,0
15107,1
15108,1
15109,0
15110,3
15111,3
15112,1
15113,2
15114,1
15115,0
15116,2
15117,0
15118,1
15119,1
15120,0
15121,0
15122,0
15123,0
15124,1
15125,0
15126,1
15127,2
15128,0
15129,2
15130,0
15131,2
15132,0
15133,0
15134,1
15135,0
15136,0
15137,1
15138,2
15139,0
15140,1
15141,1
15142,0
15143,0
15144,0
15145,2
15146,1
15147,0
15148,0
15149,0
15150,0
15151,2
15152,0
15153,1
15154,1
15155,0
15156,2
15157,0
15158,1
15159,0
15160,0
15161,0
15162,0
15163,0
15164,1
15165,0
15166,0
15167,0
15168,1
15169,0
15170,1
15171,0
15172,1
15173,1
15174,0
15175,1
15176,2
15177,0
15178,2
15179,0
15180,0
15181,0
15182,1
15183,0
15184,1
15185,3
15186,1
15187,0
15188,0
15189,5
15190,0
15191,1
15192,0
15193,2
15194,0
15195,0
15196,1
15197,0
15198,1
15199,1
15200,2
15201,2
15202,0
15203,1
15204,1
15205,0
15206,1
15207,1
15208,1
15209,3
15210,1
15211,0
15212,1
15213,0
15214,2
15215,0
15216,1
15217,0
15218,0
15219,0
15220,0
15221,2
15222,2
15223,0
15224,0
15225,0
15226,0
15227,1
15228,0
15229,0
15230,2
15231,1
15232,0
15233,3
15234,1
15235,0
15236,0
15237,1
15238,1
15239,0
15240,1
15241,0
15242,0
15243,0
15244,2
15245,0
15246,1
15247,1
15248,0
15249,2
15250,0
15251,0
15252,1
15253,0
15254,0
15255,0
15256,0
15257,0
15258,1
15259,0
15260,1
15261,1
15262,1
15263,0
15264,1
15265,1
15266,0
15267,0
15268,1
15269,1
15270,1
15271,2
15272,0
15273,1
15274,1
15275,1
15276,1
15277,1
15278,0
15279,0
15280,0
15281,2
15282,1
15283,0
15284,1
15285,0
15286,1
15287,0
15288,1
15289,0
15290,0
15291,1
15292,0
15293,0
15294,1
15295,1
15296,0
15297,1
15298,0
15299,0
15300,1
15301,0
15302,2
15303,0
15304,0
15305,0
15306,1
15307,0
15308,1
15309,0
15310,1
15311,0
15312,0
15313,0
15314,0
15315,1
15316,0
15317,0
15318,0
15319,0
15320,0
15321,3
15322,0
15323,1
15324,1
15325,0
15326,0
15327,4
15328,0
15329,1
15330,1
15331,0
15332,1
15333,0
15334,1
15335,0
15336,0
15337,1
15338,0
15339,1
15340,0
15341,0
15342,0
15343,1
15344,2
15345,0
15346,0
15347,1
15348,1
15349,0
15350,0
15351,0
15352,0
15353,1
15354,0
15355,2
15356,1
15357,0
15358,0
15359,0
15360,1
15361,0
15362,0
15363,1
15364,0
15365,0
15366,1
15367,0
15368,0
15369,0
15370,0
15371,0
15372,1
15373,0
15374,2
15375,1
15376,1
15377,1
15378,0
15379,1
15380,0
15381,1
15382,2
15383,1
15384,0
15385,0
15386,0
15387,0
15388,2
15389,2
15390,5
15391,0
15392,1
15393,1
15394,0
15395,0
15396,1
15397,1
15398,1
15399,5
15400,0
15401,0
15402,2
15403,2
15404,1
15405,3
15406,0
15407,0
15408,2
15409,1
15410,0
15411,0
15412,0
15413,0
15414,1
15415,0
15416,1
15417,0
15418,2
15419,0
15420,0
15421,0
15422,2
15423,0
15424,2
15425,1
15426,0
15427,0
15428,0
15429,0
15430,0
15431,1
15432,3
15433,0
15434,0
15435,0
15436,0
15437,1
15438,2
15439,0
15440,1
15441,0
15442,0
15443,0
15444,0
15445,1
15446,0
15447,3
15448,2
15449,0
15450,0
15451,0
15452,0
15453,1
15454,2
15455,1
15456,0
15457,0
15458,1
15459,0
15460,0
15461,3
15462,0
15463,0
15464,0
15465,2
15466,0
15467,0
15468,1
15469,0
15470,0
15471,1
15472,0
15473,0
15474,1
15475,0
15476,0
15477,0
15478,0
15479,2
15480,0
15481,0
15482,1
15483,1
15484,2
15485,0
15486,0
15487,1
15488,1
15489,1
15490,2
15491,1
15492,0
15493,1
15494,2
15495,0
15496,1
15497,0
15498,0
15499,0
15500,0
15501,2
15502,0
15503,1
15504,0
15505,1
15506,0
15507,0
15508,1
15509,1
15510,1
15511,0
15512,1
15513,1
15514,0
15515,0
15516,1
15517,0
15518,1
15519,0
15520,0
15521,0
15522,0
15523,1
15524,2
15525,1
15526,2
15527,1
15528,1
15529,0
15530,0
15531,1
15532,0
15533,1
15534,1
15535,1
15536,0
15537,0
15538,1
15539,0
15540,0
15541,0
15542,1
15543,1
15544,1
15545,0
15546,0
15547,0
15548,1
15549,0
15550,0
15551,0
15552,0
15553,0
15554,1
15555,1
15556,0
15557,2
15558,0
15559,1
15560,1
15561,0
15562,1
15563,2
15564,0
15565,1
15566,0
15567,1
15568,1
15569,2
15570,0
15571,1
15572,1
15573,2
15574,2
15575,0
15576,0
15577,0
15578,1
15579,1
15580,0
15581,3
15582,1
15583,1
15584,1
15585,2
15586,0
15587,0
15588,1
15589,0
15590,2
15591,0
15592,0
15593,3
15594,1
15595,0
15596,1
15597,0
15598,1
15599,0
15600,1
15601,2
15602,0
15603,0
15604,1
15605,0
15606,0
15607,0
15608,1
15609,0
15610,1
15611,2
15612,0
15613,0
15614,0
15615,0
15616,0
15617,1
15618,1
15619,1
15620,0
15621,0
15622,1
15623,3
15624,1
15625,1
15626,1
15627,0
15628,2
15629,0
15630,0
15631,0
15632,0
15633,0
15634,1
15635,1
15636,1
15637,1
15638,2
15639,0
15640,2
15641,0
15642,1
15643,2
15644,0
15645,0
15646,0
15647,0
15648,0
15649,1
15650,0
15651,1
15652,1
15653,2
15654,0
15655,0
15656,2
15657,1
15658,0
15659,2
15660,1
15661,1
15662,2
15663,1
15664,1
15665,1
15666,1
15667,0
15668,1
15669,1
15670,0
15671,2
15672,0
15673,0
15674,1
15675,0
15676,1
15677,0
15678,0
15679,2
15680,4
15681,1
15682,0
15683,0
15684,2
15685,1
15686,1
15687,1
15688,0
15689,0
15690,0
15691,1
15692,1
15693,1
15694,0
15695,1
15696,0
15697,0
15698,0
15699,1
15700,1
15701,0
15702,0
15703,1
15704,2
15705,1
15706,1
15707,1
15708,0
15709,0
15710,2
15711,1
15712,1
15713,2
15714,0
15715,0
15716,0
15717,2
15718,1
15719,0
15720,2
15721,2
15722,0
15723,1
15724,0
15725,0
15726,0
15727,2
15728,1
15729,1
15730,1
15731,3
15732,1
15733,0
15734,0
15735,1
15736,1
15737,0
15738,0
15739,2
15740,2
15741,0
15742,1
15743,0
15744,0
15745,0
15746,2
15747,0
15748,0
15749,0
15750,1
15751,2
15752,1
15753,0
15754,0
15755,2
15756,0
15757,0
15758,0
15759,0
15760,1
15761,4
15762,0
15763,1
15764,1
15765,1
15766,0
15767,1
15768,0
15769,0
15770,1
15771,0
15772,1
15773,1
15774,0
15775,2
15776,1
15777,0
15778,1
15779,1
15780,1
15781,0
15782,1
15783,1
15784,1
15785,1
15786,0
15787,2
15788,0
15789,0
15790,1
15791,0
15792,3
15793,0
15794,3
15795,0
15796,0
15797,1
15798,0
15799,0
15800,1
15801,4
15802,1
15803,2
15804,0
15805,1
15806,0
15807,0
15808,1
15809,0
15810,0
15811,2
15812,1
15813,0
15814,0
15815,1
15816,2
15817,1
15818,0
15819,0
15820,1
15821,3
15822,1
15823,0
15824,0
15825,2
15826,0
15827,0
15828,2
15829,0
15830,1
15831,2
15832,2
15833,0
15834,0
15835,1
15836,1
15837,0
15838,0
15839,0
15840,1
15841,0
15842,1
15843,2
15844,0
15845,0
15846,0
15847,0
15848,1
15849,0
15850,0
15851,1
15852,0
15853,2
15854,0
15855,0
15856,0
15857,3
15858,1
15859,0
15860,0
15861,1
15862,0
15863,0
15864,0
15865,0
15866,1
15867,0
15868,0
15869,1
15870,0
15871,0
15872,0
15873,0
15874,0
15875,1
15876,0
15877,1
15878,2
15879,1
15880,0
15881,1
15882,0
15883,1
15884,1
15885,1
15886,0
15887,2
15888,1
15889,0
15890,0
15891,0
15892,2
15893,1
15894,1
15895,1
15896,1
15897,2
15898,0
15899,0
15900,0
15901,0
15902,1
15903,1
15904,1
15905,0
15906,0
15907,0
15908,2
15909,1
15910,2
15911,2
15912,0
15913,1
15914,1
15915,2
15916,1
15917,1
15918,2
15919,2
15920,0
15921,1
15922,1
15923,0
15924,0
15925,0
15926,0
15927,1
15928,0
15929,1
15930,0
15931,1
15932,2
15933,0
15934,0
15935,1
15936,0
15937,0
15938,1
15939,1
15940,0
15941,2
15942,0
15943,0
15944,0
15945,0
15946,2
15947,0
15948,0
15949,1
15950,0
15951,0
15952,1
15953,1
15954,0
15955,2
15956,1
15957,0
15958,1
15959,1
15960,0
15961,0
15962,0
15963,0
15964,0
15965,0
15966,0
15967,1
15968,0
15969,0
15970,0
15971,3
15972,1
15973,0
15974,1
15975,0
15976,1
15977,0
15978,0
15979,1
15980,0
15981,0
15982,1
15983,1
15984,1
15985,0
15986,1
15987,0
15988,0
15989,0
15990,1
15991,0
15992,2
15993,1
15994,0
15995,0
15996,0
15997,0
15998,2
15999,2
16000,2
16001,1
16002,2
16003,1
16004,2
16005,1
16006,1
16007,1
16008,0
16009,2
16010,1
16011,2
16012,2
16013,0
16014,0
16015,1
16016,2
16017,0
16018,0
16019,1
16020,1
16021,1
16022,1
16023,0
16024,1
16025,0
16026,0
16027,1
16028,2
16029,2
16030,1
16031,2
16032,0
16033,0
16034,0
16035,1
16036,0
16037,2
16038,2
16039,0
16040,0
16041,0
16042,0
16043,1
16044,1
16045,0
16046,1
16047,0
16048,0
16049,1
16050,0
16051,1
16052,0
16053,0
16054,1
16055,0
16056,1
16057,1
16058,0
16059,0
16060,4
16061,0
16062,1
16063,1
16064,3
16065,1
16066,1
16067,0
16068,1
16069,1
16070,0
16071,1
16072,0
16073,1
16074,1
16075,1
16076,0
16077,0
16078,2
16079,1
16080,1
16081,1
16082,1
16083,0
16084,1
16085,2
16086,0
16087,2
16088,1
16089,0
16090,2
16091,1
16092,0
16093,0
16094,2
16095,0
16096,1
16097,0
16098,0
16099,0
16100,1
16101,1
16102,1
16103,2
16104,2
16105,1
16106,1
16107,2
16108,0
16109,1
16110,1
16111,0
16112,0
16113,1
16114,0
16115,0
16116,1
16117,0
16118,0
16119,1
16120,0
16121,1
16122,0
16123,2
16124,1
16125,0
16126,2
16127,1
16128,1
16129,0
16130,0
16131,0
16132,0
16133,1
16134,0
16135,0
16136,0
16137,0
16138,1
16139,0
16140,0
16141,1
16142,0
16143,2
16144,0
16145,0
16146,2
16147,2
16148,0
16149,1
16150,1
16151,0
16152,1
16153,0
16154,1
16155,1
16156,0
16157,0
16158,2
16159,0
16160,0
16161,1
16162,1
16163,0
16164,1
16165,1
16166,0
16167,1
16168,1
16169,2
16170,0
16171,1
16172,1
16173,0
16174,0
16175,0
16176,0
16177,1
16178,0
16179,0
16180,0
16181,0
16182,1
16183,1
16184,2
16185,0
16186,0
16187,1
16188,1
16189,0
16190,1
16191,0
16192,0
16193,0
16194,3
16195,1
16196,0
16197,0
16198,0
16199,1
16200,0
16201,0
16202,1
16203,1
16204,1
16205,2
16206,0
16207,0
16208,1
16209,0
16210,2
16211,2
16212,0
16213,0
16214,0
16215,0
16216,0
16217,0
16218,0
16219,0
16220,0
16221,0
16222,0
16223,0
16224,1
16225,0
16226,0
16227,1
16228,1
16229,1
16230,0
16231,0
16232,1
16233,0
16234,4
16235,0
16236,0
16237,2
16238,1
16239,1
16240,0
16241,0
16242,1
16243,1
16244,0
16245,0
16246,1
16247,1
16248,0
16249,2
16250,0
16251,0
16252,3
16253,0
16254,0
16255,0
16256,0
16257,1
16258,1
16259,0
16260,2
16261,0
16262,1
16263,2
16264,0
16265,1
16266,0
16267,0
16268,1
16269,0
16270,2
16271,1
16272,0
16273,1
16274,0
16275,0
16276,1
16277,1
16278,1
16279,0
16280,0
16281,0
16282,0
16283,0
16284,2
16285,0
16286,0
16287,0
16288,1
16289,0
16290,1
16291,0
16292,3
16293,3
16294,2
16295,2
16296,4
16297,0
16298,2
16299,2
16300,3
16301,2
16302,0
16303,2
16304,1
16305,4
16306,0
16307,1
16308,3
16309,1
16310,0
16311,3
16312,1
16313,1
16314,2
16315,1
16316,1
16317,2
16318,1
16319,4
16320,1
16321,1
16322,1
16323,1
16324,1
16325,0
16326,3
16327,2
16328,2
16329,0
16330,1
16331,1
16332,3
16333,1
16334,2
16335,4
16336,1
16337,0
16338,1
16339,0
16340,3
16341,0
16342,3
16343,1
16344,2
16345,3
16346,4
16347,0
16348,2
16349,1
16350,2
16351,3
16352,0
16353,3
16354,1
16355,0
16356,1
16357,2
16358,1
16359,0
16360,1
16361,0
16362,0
16363,2
16364,2
16365,0
16366,0
16367,0
16368,3
16369,1
16370,1
16371,2
16372,3
16373,0
16374,1
16375,3
16376,0
16377,3
16378,1
16379,2
16380,0
16381,0
16382,1
16383,3
16384,2
16385,0
16386,4
16387,3
16388,1
16389,2
16390,1
16391,0
16392,3
16393,0
16394,2
16395,1
16396,5
16397,3
16398,2
16399,1
16400,0
16401,1
16402,1
16403,2
16404,1
16405,2
16406,3
16407,2
16408,1
16409,0
16410,2
16411,1
16412,0
16413,0
16414,1
16415,1
16416,1
16417,1
16418,1
16419,4
16420,6
16421,1
16422,0
16423,2
16424,3
16425,0
16426,1
16427,0
16428,1
16429,0
16430,0
16431,3
16432,1
16433,1
16434,2
16435,1
16436,4
16437,1
16438,1
16439,0
16440,1
16441,3
16442,1
16443,3
16444,0
16445,0
16446,2
16447,2
16448,1
16449,2
16450,1
16451,6
16452,4
16453,2
16454,1
16455,2
16456,2
16457,3
16458,5
16459,3
16460,2
16461,0
16462,3
16463,1
16464,0
16465,3
16466,1
16467,1
16468,2
16469,1
16470,1
16471,0
16472,2
16473,1
16474,0
16475,1
16476,2
16477,2
16478,2
16479,2
16480,1
16481,1
16482,1
16483,2
16484,1
16485,1
16486,2
16487,1
16488,0
16489,0
16490,0
16491,1
16492,2
16493,0
16494,1
16495,2
16496,1
16497,0
16498,2
16499,3
16500,0
16501,1
16502,1
16503,0
16504,0
16505,2
16506,2
16507,2
16508,0
16509,1
16510,0
16511,2
16512,3
16513,2
16514,0
16515,0
16516,0
16517,2
16518,2
16519,2
16520,2
16521,1
16522,1
16523,1
16524,2
16525,1
16526,1
16527,2
16528,1
16529,0
16530,3
16531,2
16532,4
16533,4
16534,2
16535,1
16536,1
16537,1
16538,1
16539,0
16540,1
16541,0
16542,0
16543,5
16544,0
16545,1
16546,0
16547,3
16548,2
16549,1
16550,5
16551,1
16552,2
16553,0
16554,0
16555,1
16556,2
16557,2
16558,2
16559,1
16560,2
16561,0
16562,5
16563,3
16564,0
16565,3
16566,3
16567,1
16568,1
16569,1
16570,0
16571,0
16572,1
16573,2
16574,2
16575,2
16576,0
16577,1
16578,1
16579,2
16580,1
16581,0
16582,1
16583,1
16584,2
16585,3
16586,0
16587,0
16588,0
16589,0
16590,2
16591,0
16592,0
16593,0
16594,1
16595,2
16596,0
16597,2
16598,0
16599,3
16600,2
16601,1
16602,1
16603,2
16604,0
16605,2
16606,1
16607,0
16608,1
16609,1
16610,2
16611,1
16612,3
16613,0
16614,1
16615,1
16616,2
16617,1
16618,1
16619,3
16620,0
16621,1
16622,1
16623,2
16624,1
16625,3
16626,0
16627,3
16628,2
16629,2
16630,0
16631,2
16632,0
16633,2
16634,0
16635,1
16636,3
16637,3
16638,0
16639,1
16640,0
16641,4
16642,1
16643,0
16644,1
16645,3
16646,0
16647,1
16648,1
16649,1
16650,1
16651,2
16652,0
16653,0
16654,0
16655,0
16656,3
16657,0
16658,2
16659,0
16660,3
16661,2
16662,1
16663,1
16664,2
16665,2
16666,1
16667,1
16668,2
16669,2
16670,2
16671,2
16672,1
16673,1
16674,0
16675,5
16676,0
16677,1
16678,3
16679,2
16680,1
16681,2
16682,1
16683,1
16684,1
16685,1
16686,2
16687,0
16688,2
16689,1
16690,3
16691,1
16692,1
16693,2
16694,3
16695,3
16696,1
16697,1
16698,0
16699,1
16700,1
16701,0
16702,3
16703,0
16704,0
16705,1
16706,1
16707,2
16708,1
16709,0
16710,0
16711,0
16712,2
16713,2
16714,2
16715,0
16716,3
16717,2
16718,1
16719,1
16720,3
16721,0
16722,1
16723,1
16724,3
16725,0
16726,0
16727,1
16728,0
16729,1
16730,1
16731,3
16732,1
16733,2
16734,3
16735,3
16736,0
16737,2
16738,3
16739,4
16740,2
16741,1
16742,1
16743,2
16744,5
16745,0
16746,1
16747,0
16748,1
16749,0
16750,1
16751,3
16752,4
16753,2
16754,0
16755,1
16756,0
16757,1
16758,0
16759,2
16760,3
16761,4
16762,2
16763,1
16764,3
16765,1
16766,1
16767,1
16768,0
16769,0
16770,1
16771,1
16772,1
16773,0
16774,2
16775,2
16776,2
16777,3
16778,3
16779,2
16780,2
16781,0
16782,2
16783,2
16784,3
16785,1
16786,1
16787,0
16788,1
16789,0
16790,0
16791,0
16792,2
16793,0
16794,3
16795,1
16796,2
16797,2
16798,7
16799,1
16800,1
16801,1
16802,1
16803,2
16804,0
16805,1
16806,2
16807,0
16808,3
16809,0
16810,2
16811,1
16812,1
16813,1
16814,4
16815,2
16816,2
16817,2
16818,1
16819,0
16820,3
16821,1
16822,4
16823,1
16824,1
16825,2
16826,0
16827,1
16828,2
16829,2
16830,0
16831,0
16832,3
16833,3
16834,1
16835,1
16836,1
16837,0
16838,1
16839,0
16840,0
16841,1
16842,3
16843,2
16844,1
16845,2
16846,0
16847,1
16848,4
16849,0
16850,1
16851,2
16852,2
16853,1
16854,2
16855,1
16856,1
16857,2
16858,2
16859,1
16860,0
16861,0
16862,3
16863,3
16864,1
16865,1
16866,1
16867,2
16868,0
16869,0
16870,3
16871,3
16872,2
16873,1
16874,1
16875,2
16876,4
16877,1
16878,3
16879,0
16880,0
16881,1
16882,2
16883,1
16884,1
16885,1
16886,0
16887,1
16888,2
16889,2
16890,2
16891,2
16892,0
16893,3
16894,2
16895,3
16896,0
16897,0
16898,0
16899,1
16900,1
16901,1
16902,1
16903,1
16904,0
16905,2
16906,2
16907,1
16908,3
16909,1
16910,1
16911,1
16912,0
16913,2
16914,2
16915,1
16916,4
16917,0
16918,2
16919,4
16920,1
16921,2
16922,1
16923,3
16924,1
16925,3
16926,1
16927,2
16928,2
16929,1
16930,0
16931,2
16932,0
16933,0
16934,0
16935,0
16936,0
16937,2
16938,2
16939,0
16940,2
16941,1
16942,0
16943,2
16944,0
16945,2
16946,3
16947,2
16948,2
16949,1
16950,0
16951,0
16952,0
16953,1
16954,1
16955,3
16956,1
16957,1
16958,0
16959,3
16960,3
16961,1
16962,0
16963,2
16964,2
16965,0
16966,1
16967,2
16968,0
16969,1
16970,0
16971,0
16972,1
16973,3
16974,2
16975,1
16976,2
16977,3
16978,1
16979,0
16980,1
16981,2
16982,1
16983,0
16984,1
16985,0
16986,1
16987,1
16988,4
16989,1
16990,0
16991,2
16992,0
16993,2
16994,2
16995,3
16996,0
16997,1
16998,0
16999,1
17000,2
17001,1
17002,2
17003,0
17004,1
17005,3
17006,1
17007,1
17008,0
17009,0
17010,0
17011,2
17012,1
17013,1
17014,0
17015,2
17016,2
17017,2
17018,1
17019,2
17020,1
17021,2
17022,1
17023,1
17024,2
17025,0
17026,1
17027,2
17028,3
17029,1
17030,0
17031,1
17032,0
17033,0
17034,1
17035,0
17036,1
17037,0
17038,0
17039,1
17040,1
17041,1
17042,1
17043,3
17044,1
17045,1
17046,0
17047,2
17048,1
17049,0
17050,1
17051,1
17052,3
17053,1
17054,1
17055,2
17056,1
17057,3
17058,2
17059,0
17060,2
17061,1
17062,2
17063,2
17064,3
17065,0
17066,0
17067,3
17068,2
17069,1
17070,0
17071,0
17072,4
17073,1
17074,2
17075,0
17076,0
17077,1
17078,1
17079,0
17080,2
17081,2
17082,1
17083,0
17084,2
17085,2
17086,1
17087,3
17088,1
17089,2
17090,2
17091,1
17092,3
17093,3
17094,1
17095,3
17096,1
17097,2
17098,0
17099,2
17100,2
17101,2
17102,1
17103,1
17104,3
17105,2
17106,1
17107,0
17108,1
17109,1
17110,2
17111,2
17112,0
17113,3
17114,1
17115,1
17116,0
17117,1
17118,2
17119,2
17120,1
17121,3
17122,3
17123,2
17124,1
17125,0
17126,1
17127,4
17128,1
17129,3
17130,0
17131,1
17132,0
17133,1
17134,0
17135,1
17136,1
17137,1
17138,2
17139,2
17140,2
17141,0
17142,3
17143,0
17144,2
17145,0
17146,2
17147,1
17148,2
17149,1
17150,1
17151,1
17152,2
17153,0
17154,3
17155,2
17156,0
17157,1
17158,3
17159,1
17160,1
17161,1
17162,0
17163,3
17164,0
17165,1
17166,0
17167,0
17168,3
17169,3
17170,2
17171,0
17172,0
17173,2
17174,1
17175,1
17176,1
17177,1
17178,0
17179,1
17180,1
17181,4
17182,0
17183,1
17184,1
17185,1
17186,1
17187,1
17188,0
17189,0
17190,2
17191,2
17192,1
17193,7
17194,0
17195,1
17196,2
17197,1
17198,2
17199,1
17200,3
17201,2
17202,0
17203,2
17204,2
17205,1
17206,1
17207,2
17208,0
17209,2
17210,1
17211,1
17212,0
17213,2
17214,2
17215,3
17216,1
17217,0
17218,2
17219,2
17220,1
17221,4
17222,0
17223,1
17224,1
17225,3
17226,0
17227,0
17228,0
17229,1
17230,1
17231,1
17232,3
17233,1
17234,0
17235,1
17236,4
17237,2
17238,1
17239,2
17240,2
17241,0
17242,1
17243,1
17244,2
17245,0
17246,2
17247,1
17248,1
17249,0
17250,1
17251,1
17252,2
17253,0
17254,3
17255,3
17256,3
17257,0
17258,1
17259,3
17260,1
17261,2
17262,1
17263,1
17264,0
17265,1
17266,4
17267,1
17268,0
17269,1
17270,0
17271,0
17272,1
17273,0
17274,2
17275,2
17276,1
17277,2
17278,3
17279,0
17280,3
17281,2
17282,0
17283,0
17284,3
17285,0
17286,3
17287,0
17288,2
17289,1
17290,1
17291,2
17292,2
17293,3
17294,1
17295,2
17296,1
17297,1
17298,1
17299,1
17300,0
17301,1
17302,1
17303,3
17304,1
17305,4
17306,3
17307,0
17308,0
17309,1
17310,3
17311,2
17312,1
17313,2
17314,2
17315,0
17316,1
17317,0
17318,1
17319,1
17320,2
17321,4
17322,1
17323,0
17324,3
17325,0
17326,1
17327,1
17328,1
17329,2
17330,0
17331,1
17332,0
17333,1
17334,0
17335,2
17336,1
17337,2
17338,2
17339,2
17340,3
17341,0
17342,0
17343,2
17344,0
17345,4
17346,1
17347,2
17348,0
17349,2
17350,1
17351,0
17352,1
17353,3
17354,1
17355,4
17356,1
17357,2
17358,0
17359,0
17360,2
17361,0
17362,0
17363,3
17364,1
17365,0
17366,0
17367,3
17368,3
17369,2
17370,2
17371,3
17372,1
17373,2
17374,2
17375,2
17376,3
17377,1
17378,0
17379,0
17380,1
17381,4
17382,1
17383,1
17384,1
17385,3
17386,0
17387,0
17388,1
17389,1
17390,0
17391,0
17392,1
17393,0
17394,0
17395,2
17396,0
17397,2
17398,0
17399,4
17400,0
17401,2
17402,0
17403,0
17404,2
17405,1
17406,2
17407,2
17408,1
17409,1
17410,1
17411,3
17412,2
17413,3
17414,1
17415,1
17416,1
17417,2
17418,1
17419,2
17420,2
17421,2
17422,1
17423,3
17424,2
17425,1
17426,1
17427,1
17428,1
17429,3
17430,2
17431,1
17432,1
17433,0
17434,1
17435,2
17436,0
17437,1
17438,1
17439,2
17440,0
17441,1
17442,0
17443,2
17444,2
17445,2
17446,0
17447,1
17448,2
17449,1
17450,1
17451,0
17452,0
17453,4
17454,1
17455,1
17456,0
17457,1
17458,4
17459,0
17460,2
17461,2
17462,2
17463,1
17464,5
17465,1
17466,0
17467,2
17468,2
17469,0
17470,2
17471,2
17472,1
17473,1
17474,1
17475,2
17476,0
17477,0
17478,0
17479,0
17480,1
17481,1
17482,1
17483,5
17484,2
17485,0
17486,0
17487,1
17488,2
17489,2
17490,1
17491,4
17492,0
17493,3
17494,0
17495,2
17496,3
17497,2
17498,1
17499,2
17500,1
17501,3
17502,1
17503,0
17504,1
17505,1
17506,2
17507,0
17508,3
17509,1
17510,0
17511,2
17512,2
17513,0
17514,0
17515,2
17516,2
17517,1
17518,1
17519,0
17520,1
17521,1
17522,1
17523,0
17524,2
17525,0
17526,0
17527,2
17528,2
17529,0
17530,1
17531,0
17532,2
17533,3
17534,0
17535,3
17536,1
17537,0
17538,2
17539,2
17540,3
17541,1
17542,2
17543,3
17544,2
17545,1
17546,2
17547,0
17548,0
17549,0
17550,1
17551,1
17552,0
17553,2
17554,0
17555,1
17556,0
17557,3
17558,0
17559,1
17560,2
17561,0
17562,3
17563,1
17564,2
17565,1
17566,1
17567,2
17568,0
17569,1
17570,0
17571,1
17572,1
17573,2
17574,1
17575,2
17576,2
17577,3
17578,1
17579,3
17580,1
17581,1
17582,2
17583,2
17584,3
17585,1
17586,0
17587,1
17588,0
17589,5
17590,2
17591,2
17592,1
17593,1
17594,3
17595,2
17596,2
17597,2
17598,4
17599,2
17600,0
17601,1
17602,0
17603,1
17604,2
17605,0
17606,2
17607,1
17608,0
17609,1
17610,0
17611,0
17612,1
17613,3
17614,2
17615,2
17616,2
17617,1
17618,2
17619,1
17620,3
17621,0
17622,3
17623,0
17624,0
17625,2
17626,0
17627,2
17628,5
17629,1
17630,3
17631,2
17632,0
17633,2
17634,1
17635,2
17636,0
17637,1
17638,0
17639,2
17640,0
17641,2
17642,0
17643,3
17644,1
17645,1
17646,1
17647,1
17648,2
17649,0
17650,0
17651,1
17652,2
17653,1
17654,2
17655,1
17656,2
17657,3
17658,2
17659,2
17660,0
17661,2
17662,0
17663,1
17664,1
17665,1
17666,0
17667,1
17668,0
17669,2
17670,0
17671,0
17672,2
17673,2
17674,1
17675,2
17676,3
17677,3
17678,1
17679,1
17680,3
17681,3
17682,1
17683,0
17684,1
17685,1
17686,1
17687,1
17688,0
17689,2
17690,3
17691,2
17692,1
17693,2
17694,1
17695,0
17696,1
17697,0
17698,2
17699,0
17700,0
17701,1
17702,1
17703,1
17704,0
17705,1
17706,1
17707,1
17708,1
17709,2
17710,1
17711,4
17712,1
17713,2
17714,0
17715,2
17716,1
17717,1
17718,2
17719,0
17720,1
17721,1
17722,1
17723,1
17724,2
17725,2
17726,1
17727,0
17728,1
17729,2
17730,0
17731,1
17732,0
17733,0
17734,0
17735,2
17736,1
17737,0
17738,0
17739,2
17740,3
17741,3
17742,1
17743,1
17744,1
17745,0
17746,0
17747,0
17748,1
17749,0
17750,3
17751,3
17752,2
17753,3
17754,3
17755,2
17756,0
17757,1
17758,2
17759,0
17760,2
17761,2
17762,0
17763,0
17764,1
17765,2
17766,1
17767,3
17768,1
17769,1
17770,1
17771,1
17772,1
17773,2
17774,1
17775,1
17776,3
17777,2
17778,3
17779,2
17780,2
17781,2
17782,1
17783,1
17784,1
17785,0
17786,3
17787,1
17788,2
17789,1
17790,0
17791,1
17792,0
17793,2
17794,1
17795,0
17796,1
17797,1
17798,3
17799,1
17800,0
17801,0
17802,3
17803,0
17804,2
17805,2
17806,3
17807,0
17808,0
17809,2
17810,3
17811,2
17812,1
17813,3
17814,1
17815,4
17816,0
17817,0
17818,5
17819,0
17820,1
17821,0
17822,1
17823,2
17824,0
17825,4
17826,1
17827,3
17828,0
17829,3
17830,3
17831,1
17832,1
17833,1
17834,1
17835,1
17836,2
17837,1
17838,2
17839,2
17840,1
17841,3
17842,0
17843,1
17844,2
17845,2
17846,1
17847,2
17848,0
17849,3
17850,0
17851,0
17852,3
17853,2
17854,3
17855,3
17856,0
17857,1
17858,1
17859,1
17860,0
17861,1
17862,3
17863,0
17864,1
17865,0
17866,4
17867,1
17868,0
17869,2
17870,0
17871,1
17872,1
17873,1
17874,0
17875,1
17876,0
17877,2
17878,1
17879,1
17880,0
17881,4
17882,1
17883,0
17884,1
17885,1
17886,3
17887,1
17888,2
17889,0
17890,3
17891,2
17892,0
17893,3
17894,1
17895,0
17896,1
17897,1
17898,2
17899,0
17900,0
17901,1
17902,0
17903,4
17904,3
17905,2
17906,2
17907,3
17908,0
17909,3
17910,1
17911,0
17912,1
17913,3
17914,1
17915,4
17916,3
17917,1
17918,2
17919,1
17920,1
17921,2
17922,0
17923,0
17924,1
17925,2
17926,2
17927,1
17928,2
17929,1
17930,0
17931,2
17932,2
17933,1
17934,1
17935,0
17936,1
17937,1
17938,0
17939,1
17940,3
17941,0
17942,0
17943,0
17944,2
17945,2
17946,1
17947,1
17948,1
17949,0
17950,1
17951,1
17952,1
17953,1
17954,2
17955,2
17956,2
17957,1
17958,0
17959,2
17960,0
17961,1
17962,1
17963,1
17964,3
17965,3
17966,0
17967,1
17968,2
17969,1
17970,1
17971,3
17972,0
17973,1
17974,3
17975,0
17976,3
17977,0
17978,1
17979,2
17980,2
17981,0
17982,0
17983,2
17984,2
17985,1
17986,2
17987,2
17988,2
17989,2
17990,0
17991,2
17992,0
17993,1
17994,2
17995,4
17996,1
17997,1
17998,4
17999,1
18000,1
18001,1
18002,2
18003,1
18004,2
18005,1
18006,1
18007,2
18008,1
18009,3
18010,1
18011,2
18012,2
18013,0
18014,1
18015,1
18016,0
18017,0
18018,0
18019,1
18020,1
18021,1
18022,2
18023,1
18024,2
18025,2
18026,2
18027,3
18028,1
18029,0
18030,1
18031,1
18032,0
18033,1
18034,1
18035,0
18036,0
18037,1
18038,0
18039,1
18040,1
18041,0
18042,4
18043,2
18044,3
18045,0
18046,2
18047,1
18048,0
18049,3
18050,2
18051,2
18052,0
18053,1
18054,0
18055,2
18056,1
18057,0
18058,1
18059,1
18060,2
18061,0
18062,1
18063,4
18064,1
18065,3
18066,1
18067,0
18068,0
18069,1
18070,2
18071,1
18072,2
18073,2
18074,4
18075,0
18076,2
18077,2
18078,2
18079,1
18080,1
18081,1
18082,2
18083,0
18084,2
18085,2
18086,1
18087,0
18088,0
18089,2
18090,5
18091,1
18092,5
18093,0
18094,0
18095,1
18096,1
18097,3
18098,1
18099,1
18100,3
18101,2
18102,1
18103,1
18104,3
18105,2
18106,0
18107,1
18108,2
18109,1
18110,1
18111,1
18112,1
18113,2
18114,0
18115,1
18116,1
18117,0
18118,0
18119,2
18120,1
18121,0
18122,2
18123,0
18124,1
18125,1
18126,0
18127,1
18128,1
18129,1
18130,2
18131,1
18132,2
18133,3
18134,0
18135,2
18136,0
18137,3
18138,1
18139,1
18140,0
18141,0
18142,1
18143,1
18144,1
18145,2
18146,3
18147,2
18148,2
18149,1
18150,1
18151,4
18152,2
18153,1
18154,1
18155,2
18156,0
18157,4
18158,0
18159,1
18160,1
18161,1
18162,1
18163,1
18164,1
18165,3
18166,2
18167,1
18168,2
18169,2
18170,1
18171,2
18172,1
18173,2
18174,1
18175,1
18176,1
18177,1
18178,1
18179,0
18180,2
18181,1
18182,0
18183,0
18184,0
18185,2
18186,1
18187,2
18188,4
18189,1
18190,1
18191,2
18192,0
18193,0
18194,2
18195,2
18196,2
18197,2
18198,0
18199,1
18200,1
18201,1
18202,1
18203,0
18204,1
18205,1
18206,1
18207,2
18208,2
18209,0
18210,2
18211,1
18212,1
18213,2
18214,0
18215,1
18216,1
18217,1
18218,2
18219,1
18220,1
18221,1
18222,2
18223,0
18224,0
18225,0
18226,1
18227,0
18228,3
18229,0
18230,2
18231,1
18232,1
18233,3
18234,2
18235,3
18236,0
18237,1
18238,0
18239,2
18240,1
18241,2
18242,0
18243,1
18244,2
18245,4
18246,0
18247,1
18248,1
18249,0
18250,1
18251,4
18252,0
18253,1
18254,1
18255,1
18256,2
18257,1
18258,2
18259,0
18260,3
18261,0
18262,1
18263,1
18264,3
18265,1
18266,2
18267,0
18268,1
18269,0
18270,1
18271,2
18272,0
18273,1
18274,1
18275,2
18276,2
18277,0
18278,2
18279,1
18280,1
18281,3
18282,0
18283,3
18284,2
18285,1
18286,2
18287,1
18288,2
18289,0
18290,2
18291,1
18292,4
18293,1
18294,1
18295,2
18296,4
18297,3
18298,1
18299,1
18300,1
18301,1
18302,0
18303,1
18304,2
18305,1
18306,1
18307,2
18308,0
18309,0
18310,3
18311,0
18312,0
18313,4
18314,0
18315,2
18316,2
18317,2
18318,1
18319,1
18320,0
18321,0
18322,1
18323,1
18324,1
18325,0
18326,1
18327,1
18328,1
18329,3
18330,1
18331,0
18332,3
18333,4
18334,0
18335,1
18336,1
18337,1
18338,2
18339,3
18340,1
18341,2
18342,3
18343,1
18344,1
18345,2
18346,2
18347,1
18348,0
18349,2
18350,6
18351,3
18352,0
18353,1
18354,1
18355,1
18356,0
18357,0
18358,0
18359,0
18360,1
18361,0
18362,0
18363,4
18364,0
18365,0
18366,0
18367,3
18368,1
18369,1
18370,2
18371,0
18372,0
18373,2
18374,1
18375,1
18376,1
18377,1
18378,2
18379,2
18380,4
18381,2
18382,3
18383,0
18384,1
18385,7
18386,1
18387,2
18388,2
18389,0
18390,1
18391,2
18392,2
18393,2
18394,1
18395,3
18396,1
18397,0
18398,0
18399,2
18400,1
18401,0
18402,2
18403,1
18404,4
18405,3
18406,2
18407,0
18408,1
18409,0
18410,0
18411,1
18412,2
18413,2
18414,0
18415,2
18416,1
18417,1
18418,0
18419,2
18420,1
18421,1
18422,1
18423,0
18424,2
18425,2
18426,2
18427,0
18428,1
18429,1
18430,2
18431,0
18432,2
18433,2
18434,2
18435,2
18436,4
18437,3
18438,3
18439,1
18440,2
18441,2
18442,3
18443,2
18444,2
18445,1
18446,1
18447,2
18448,1
18449,0
18450,2
18451,0
18452,1
18453,4
18454,0
18455,0
18456,0
18457,1
18458,1
18459,0
18460,2
18461,1
18462,1
18463,0
18464,2
18465,3
18466,1
18467,0
18468,2
18469,1
18470,2
18471,3
18472,3
18473,1
18474,3
18475,1
18476,0
18477,0
18478,4
18479,2
18480,1
18481,0
18482,1
18483,0
18484,1
18485,0
18486,2
18487,2
18488,1
18489,0
18490,2
18491,1
18492,1
18493,0
18494,2
18495,0
18496,3
18497,3
18498,0
18499,1
18500,0
18501,1
18502,2
18503,2
18504,6
18505,3
18506,1
18507,0
18508,0
18509,3
18510,2
18511,4
18512,1
18513,1
18514,6
18515,0
18516,2
18517,0
18518,0
18519,3
18520,1
18521,3
18522,0
18523,1
18524,2
18525,0
18526,3
18527,2
18528,0
18529,0
18530,2
18531,2
18532,1
18533,4
18534,0
18535,1
18536,1
18537,2
18538,0
18539,1
18540,0
18541,0
18542,0
18543,1
18544,1
18545,0
18546,1
18547,3
18548,2
18549,0
18550,1
18551,0
18552,1
18553,1
18554,1
18555,1
18556,0
18557,0
18558,2
18559,1
18560,4
18561,1
18562,2
18563,1
18564,0
18565,3
18566,0
18567,1
18568,1
18569,0
18570,0
18571,3
18572,0
18573,1
18574,2
18575,3
18576,1
18577,3
18578,0
18579,1
18580,1
18581,1
18582,2
18583,0
18584,0
18585,0
18586,3
18587,4
18588,0
18589,2
18590,3
18591,3
18592,1
18593,0
18594,2
18595,2
18596,1
18597,2
18598,1
18599,1
18600,4
18601,2
18602,2
18603,0
18604,1
18605,3
18606,0
18607,0
18608,1
18609,3
18610,2
18611,1
18612,0
18613,2
18614,0
18615,2
18616,0
18617,1
18618,3
18619,4
18620,2
18621,3
18622,1
18623,0
18624,3
18625,1
18626,2
18627,1
18628,1
18629,1
18630,1
18631,0
18632,3
18633,1
18634,0
18635,2
18636,0
18637,1
18638,0
18639,0
18640,0
18641,0
18642,2
18643,2
18644,1
18645,0
18646,0
18647,2
18648,1
18649,1
18650,3
18651,0
18652,1
18653,4
18654,1
18655,2
18656,2
18657,2
18658,0
18659,0
18660,1
18661,2
18662,1
18663,2
18664,1
18665,1
18666,1
18667,1
18668,1
18669,2
18670,2
18671,2
18672,1
18673,3
18674,0
18675,0
18676,2
18677,1
18678,1
18679,0
18680,0
18681,0
18682,0
18683,2
18684,0
18685,1
18686,0
18687,2
18688,2
18689,0
18690,1
18691,1
18692,1
18693,4
18694,2
18695,3
18696,0
18697,2
18698,2
18699,2
18700,1
18701,0
18702,0
18703,0
18704,0
18705,1
18706,0
18707,1
18708,1
18709,1
18710,4
18711,1
18712,0
18713,0
18714,1
18715,1
18716,4
18717,3
18718,1
18719,2
18720,1
18721,3
18722,1
18723,2
18724,1
18725,3
18726,1
18727,1
18728,1
18729,1
18730,3
18731,0
18732,3
18733,1
18734,0
18735,0
18736,1
18737,0
18738,1
18739,1
18740,1
18741,2
18742,1
18743,1
18744,1
18745,1
18746,1
18747,1
18748,1
18749,1
18750,0
18751,2
18752,0
18753,2
18754,1
18755,2
18756,0
18757,0
18758,0
18759,1
18760,1
18761,2
18762,2
18763,1
18764,1
18765,2
18766,2
18767,2
18768,2
18769,0
18770,0
18771,1
18772,1
18773,2
18774,3
18775,0
18776,3
18777,1
18778,2
18779,2
18780,3
18781,2
18782,1
18783,0
18784,0
18785,4
18786,3
18787,0
18788,3
18789,0
18790,3
18791,2
18792,1
18793,0
18794,1
18795,2
18796,3
18797,0
18798,0
18799,1
18800,0
18801,1
18802,1
18803,1
18804,1
18805,0
18806,1
18807,0
18808,0
18809,1
18810,1
18811,2
18812,0
18813,4
18814,1
18815,1
18816,1
18817,2
18818,2
18819,1
18820,2
18821,1
18822,1
18823,2
18824,2
18825,0
18826,1
18827,1
18828,0
18829,2
18830,2
18831,3
18832,1
18833,1
18834,1
18835,3
18836,1
18837,0
18838,1
18839,0
18840,1
18841,0
18842,2
18843,0
18844,1
18845,0
18846,2
18847,2
18848,2
18849,1
18850,0
18851,2
18852,3
18853,3
18854,2
18855,0
18856,2
18857,3
18858,2
18859,1
18860,0
18861,1
18862,3
18863,1
18864,1
18865,3
18866,2
18867,1
18868,1
18869,1
18870,1
18871,1
18872,0
18873,2
18874,2
18875,2
18876,3
18877,2
18878,2
18879,1
18880,2
18881,0
18882,1
18883,0
18884,1
18885,3
18886,1
18887,1
18888,1
18889,2
18890,2
18891,1
18892,1
18893,1
18894,2
18895,2
18896,0
18897,2
18898,2
18899,1
18900,3
18901,0
18902,0
18903,0
18904,2
18905,3
18906,1
18907,2
18908,0
18909,0
18910,2
18911,1
18912,1
18913,1
18914,1
18915,0
18916,2
18917,1
18918,0
18919,1
18920,2
18921,0
18922,0
18923,2
18924,1
18925,0
18926,0
18927,2
18928,0
18929,2
18930,2
18931,2
18932,0
18933,0
18934,2
18935,2
18936,0
18937,1
18938,2
18939,2
18940,2
18941,1
18942,3
18943,3
18944,1
18945,1
18946,0
18947,1
18948,0
18949,2
18950,1
18951,1
18952,1
18953,2
18954,1
18955,1
18956,2
18957,1
18958,0
18959,1
18960,3
18961,3
18962,1
18963,1
18964,2
18965,4
18966,0
18967,4
18968,2
18969,2
18970,1
18971,2
18972,1
18973,0
18974,1
18975,0
18976,3
18977,0
18978,0
18979,0
18980,1
18981,0
18982,2
18983,1
18984,3
18985,1
18986,2
18987,2
18988,1
18989,1
18990,2
18991,0
18992,2
18993,2
18994,0
18995,1
18996,0
18997,1
18998,0
18999,1
19000,1
19001,1
19002,1
19003,0
19004,3
19005,1
19006,1
19007,2
19008,0
19009,1
19010,2
19011,0
19012,2
19013,3
19014,1
19015,0
19016,0
19017,2
19018,4
19019,2
19020,1
19021,1
19022,1
19023,1
19024,0
19025,0
19026,2
19027,2
19028,1
19029,0
19030,1
19031,0
19032,0
19033,0
19034,2
19035,0
19036,3
19037,1
19038,2
19039,3
19040,1
19041,2
19042,2
19043,1
19044,1
19045,2
19046,1
19047,1
19048,2
19049,3
19050,1
19051,1
19052,1
19053,0
19054,0
19055,1
19056,1
19057,1
19058,2
19059,2
19060,0
19061,1
19062,2
19063,1
19064,0
19065,2
19066,0
19067,2
19068,0
19069,0
19070,2
19071,1
19072,0
19073,0
19074,1
19075,1
19076,3
19077,3
19078,1
19079,2
19080,0
19081,2
19082,0
19083,1
19084,2
19085,1
19086,3
19087,2
19088,1
19089,1
19090,2
19091,1
19092,0
19093,0
19094,0
19095,3
19096,4
19097,0
19098,1
19099,1
19100,0
19101,1
19102,0
19103,2
19104,2
19105,1
19106,0
19107,0
19108,3
19109,0
19110,0
19111,1
19112,1
19113,3
19114,0
19115,2
19116,1
19117,1
19118,2
19119,2
19120,0
19121,0
19122,0
19123,1
19124,0
19125,1
19126,2
19127,1
19128,3
19129,1
19130,1
19131,2
19132,1
19133,1
19134,0
19135,3
19136,3
19137,2
19138,0
19139,0
19140,1
19141,1
19142,0
19143,0
19144,0
19145,2
19146,1
19147,1
19148,2
19149,1
19150,0
19151,2
19152,2
19153,5
19154,2
19155,2
19156,1
19157,0
19158,1
19159,2
19160,1
19161,3
19162,4
19163,2
19164,1
19165,0
19166,2
19167,0
19168,0
19169,2
19170,0
19171,3
19172,0
19173,0
19174,3
19175,1
19176,1
19177,0
19178,3
19179,2
19180,3
19181,0
19182,1
19183,0
19184,3
19185,2
19186,0
19187,1
19188,4
19189,0
19190,2
19191,1
19192,0
19193,2
19194,2
19195,2
19196,2
19197,5
19198,3
19199,3
19200,0
19201,3
19202,1
19203,3
19204,0
19205,3
19206,3
19207,1
19208,2
19209,2
19210,2
19211,1
19212,0
19213,2
19214,2
19215,1
19216,1
19217,1
19218,2
19219,2
19220,1
19221,1
19222,2
19223,1
19224,2
19225,0
19226,1
19227,2
19228,2
19229,2
19230,2
19231,2
19232,2
19233,0
19234,3
19235,2
19236,3
19237,4
19238,1
19239,1
19240,0
19241,0
19242,0
19243,2
19244,1
19245,0
19246,1
19247,1
19248,1
19249,0
19250,1
19251,0
19252,3
19253,1
19254,0
19255,0
19256,1
19257,0
19258,0
19259,0
19260,3
19261,1
19262,1
19263,3
19264,1
19265,3
19266,1
19267,0
19268,4
19269,1
19270,3
19271,3
19272,1
19273,3
19274,0
19275,1
19276,0
19277,1
19278,3
19279,0
19280,0
19281,0
19282,0
19283,0
19284,0
19285,1
19286,2
19287,0
19288,4
19289,1
19290,2
19291,2
19292,1
19293,0
19294,3
19295,0
19296,3
19297,2
19298,3
19299,0
19300,0
19301,3
19302,1
19303,1
19304,1
19305,2
19306,2
19307,1
19308,1
19309,1
19310,0
19311,1
19312,1
19313,1
19314,1
19315,1
19316,3
19317,3
19318,2
19319,1
19320,1
19321,1
19322,2
19323,0
19324,3
19325,0
19326,1
19327,0
19328,0
19329,1
19330,2
19331,1
19332,2
19333,1
19334,0
19335,1
19336,1
19337,2
19338,1
19339,1
19340,1
19341,1
19342,1
19343,1
19344,0
19345,3
19346,1
19347,2
19348,0
19349,1
19350,1
19351,1
19352,1
19353,2
19354,0
19355,0
19356,1
19357,3
19358,0
19359,1
19360,0
19361,4
19362,2
19363,2
19364,0
19365,0
19366,1
19367,2
19368,0
19369,1
19370,3
19371,2
19372,4
19373,1
19374,2
19375,3
19376,1
19377,1
19378,1
19379,3
19380,1
19381,2
19382,5
19383,2
19384,1
19385,1
19386,1
19387,1
19388,2
19389,1
19390,1
19391,1
19392,5
19393,2
19394,0
19395,0
19396,0
19397,1
19398,3
19399,1
19400,2
19401,3
19402,0
19403,0
19404,1
19405,1
19406,2
19407,3
19408,3
19409,1
19410,2
19411,1
19412,1
19413,1
19414,3
19415,3
19416,2
19417,4
19418,0
19419,3
19420,1
19421,1
19422,1
19423,4
19424,1
19425,2
19426,1
19427,4
19428,2
19429,2
19430,2
19431,1
19432,0
19433,3
19434,1
19435,1
19436,2
19437,0
19438,2
19439,3
19440,1
19441,1
19442,2
19443,0
19444,0
19445,3
19446,2
19447,2
19448,2
19449,1
19450,1
19451,0
19452,2
19453,1
19454,0
19455,1
19456,0
19457,0
19458,1
19459,0
19460,0
19461,3
19462,3
19463,0
19464,2
19465,0
19466,4
19467,1
19468,2
19469,1
19470,2
19471,0
19472,0
19473,0
19474,1
19475,3
19476,1
19477,2
19478,4
19479,0
19480,0
19481,2
19482,0
19483,1
19484,0
19485,2
19486,0
19487,1
19488,1
19489,2
19490,1
19491,3
19492,0
19493,1
19494,0
19495,1
19496,1
19497,1
19498,0
19499,0
19500,1
19501,1
19502,2
19503,3
19504,2
19505,3
19506,0
19507,2
19508,4
19509,0
19510,0
19511,0
19512,1
19513,1
19514,1
19515,1
19516,0
19517,2
19518,0
19519,1
19520,1
19521,2
19522,2
19523,0
19524,2
19525,0
19526,2
19527,0
19528,1
19529,2
19530,1
19531,2
19532,4
19533,4
19534,0
19535,2
19536,0
19537,2
19538,2
19539,0
19540,3
19541,1
19542,0
19543,2
19544,2
19545,1
19546,1
19547,1
19548,1
19549,0
19550,1
19551,3
19552,1
19553,0
19554,1
19555,2
19556,3
19557,3
19558,1
19559,2
19560,3
19561,2
19562,1
19563,2
19564,2
19565,0
19566,3
19567,1
19568,2
19569,1
19570,5
19571,1
19572,2
19573,0
19574,1
19575,0
19576,1
19577,3
19578,1
19579,0
19580,2
19581,0
19582,1
19583,1
19584,1
19585,5
19586,2
19587,1
19588,2
19589,4
19590,1
19591,1
19592,2
19593,4
19594,3
19595,0
19596,0
19597,1
19598,2
19599,0
19600,1
19601,1
19602,1
19603,0
19604,2
19605,1
19606,1
19607,1
19608,1
19609,1
19610,3
19611,0
19612,3
19613,1
19614,2
19615,1
19616,2
19617,2
19618,0
19619,2
19620,0
19621,3
19622,2
19623,0
19624,1
19625,2
19626,1
19627,0
19628,0
19629,0
19630,2
19631,3
19632,1
19633,2
19634,2
19635,3
19636,1
19637,1
19638,1
19639,1
19640,0
19641,2
19642,0
19643,1
19644,4
19645,1
19646,2
19647,3
19648,2
19649,1
19650,0
19651,3
19652,0
19653,1
19654,1
19655,4
19656,0
19657,0
19658,2
19659,0
19660,2
19661,1
19662,2
19663,1
19664,0
19665,1
19666,1
19667,4
19668,0
19669,1
19670,0
19671,1
19672,3
19673,2
19674,1
19675,0
19676,2
19677,5
19678,0
19679,0
19680,2
19681,4
19682,0
19683,0
19684,0
19685,0
19686,4
19687,1
19688,1
19689,0
19690,1
19691,4
19692,2
19693,2
19694,1
19695,3
19696,1
19697,1
19698,4
19699,1
19700,0
19701,0
19702,6
19703,2
19704,1
19705,2
19706,2
19707,1
19708,4
19709,1
19710,0
19711,0
19712,1
19713,1
19714,2
19715,2
19716,2
19717,1
19718,1
19719,1
19720,2
19721,3
19722,3
19723,1
19724,0
19725,0
19726,2
19727,1
19728,3
19729,1
19730,0
19731,2
19732,3
19733,1
19734,0
19735,2
19736,1
19737,1
19738,0
19739,2
19740,3
19741,1
19742,3
19743,1
19744,0
19745,1
19746,2
19747,3
19748,0
19749,1
19750,2
19751,3
19752,2
19753,2
19754,0
19755,0
19756,0
19757,1
19758,0
19759,5
19760,0
19761,1
19762,0
19763,2
19764,1
19765,3
19766,2
19767,0
19768,0
19769,2
19770,2
19771,2
19772,1
19773,1
19774,0
19775,0
19776,1
19777,1
19778,2
19779,3
19780,1
19781,2
19782,2
19783,0
19784,0
19785,2
19786,1
19787,0
19788,2
19789,3
19790,2
19791,3
19792,3
19793,0
19794,0
19795,1
19796,2
19797,1
19798,1
19799,2
19800,0
19801,0
19802,2
19803,1
19804,1
19805,2
19806,0
19807,1
19808,0
19809,4
19810,1
19811,3
19812,2
19813,0
19814,0
19815,1
19816,5
19817,0
19818,2
19819,1
19820,0
19821,1
19822,2
19823,0
19824,1
19825,1
19826,2
19827,1
19828,1
19829,0
19830,0
19831,0
19832,1
19833,1
19834,1
19835,1
19836,2
19837,4
19838,1
19839,0
19840,0
19841,2
19842,2
19843,2
19844,2
19845,2
19846,1
19847,3
19848,3
19849,1
19850,2
19851,0
19852,1
19853,3
19854,3
19855,2
19856,0
19857,1
19858,1
19859,2
19860,0
19861,1
19862,2
19863,2
19864,2
19865,2
19866,1
19867,1
19868,1
19869,2
19870,0
19871,1
19872,0
19873,1
19874,0
19875,1
19876,1
19877,1
19878,1
19879,1
19880,2
19881,3
19882,0
19883,1
19884,1
19885,1
19886,1
19887,1
19888,1
19889,1
19890,0
19891,1
19892,1
19893,2
19894,0
19895,3
19896,3
19897,0
19898,0
19899,3
19900,3
19901,1
19902,1
19903,0
19904,1
19905,2
19906,1
19907,0
19908,1
19909,1
19910,3
19911,1
19912,2
19913,0
19914,2
19915,2
19916,2
19917,1
19918,1
19919,0
19920,0
19921,0
19922,1
19923,3
19924,1
19925,1
19926,0
19927,3
19928,3
19929,1
19930,2
19931,1
19932,1
19933,0
19934,3
19935,5
19936,2
19937,0
19938,0
19939,0
19940,0
19941,4
19942,2
19943,0
19944,1
19945,2
19946,1
19947,2
19948,2
19949,2
19950,1
19951,1
19952,0
19953,0
19954,0
19955,1
19956,0
19957,2
19958,3
19959,2
19960,1
19961,1
19962,3
19963,0
19964,1
19965,0
19966,2
19967,1
19968,0
19969,1
19970,1
19971,2
19972,2
19973,3
19974,1
19975,0
19976,0
19977,2
19978,2
19979,2
19980,0
19981,1
19982,0
19983,0
19984,0
19985,2
19986,3
19987,2
19988,0
19989,1
19990,2
19991,2
19992,0
19993,1
19994,0
19995,1
19996,3
19997,0
19998,2
19999,2
20000,0
20001,3
20002,2
20003,0
20004,5
20005,0
20006,1
20007,1
20008,1
20009,2
20010,2
20011,0
20012,2
20013,3
20014,2
20015,1
20016,1
20017,2
20018,1
20019,1
20020,1
20021,1
20022,1
20023,2
20024,3
20025,1
20026,1
20027,3
20028,2
20029,3
20030,0
20031,1
20032,0
20033,2
20034,0
20035,1
20036,3
20037,3
20038,4
20039,3
20040,1
20041,2
20042,3
20043,1
20044,1
20045,0
20046,2
20047,2
20048,2
20049,1
20050,0
20051,0
20052,0
20053,2
20054,1
20055,0
20056,1
20057,4
20058,1
20059,2
20060,1
20061,1
20062,1
20063,0
20064,2
20065,0
20066,2
20067,0
20068,1
20069,1
20070,2
20071,0
20072,3
20073,1
20074,2
20075,4
20076,1
20077,0
20078,0
20079,2
20080,0
20081,0
20082,1
20083,0
20084,1
20085,2
20086,2
20087,2
20088,1
20089,1
20090,2
20091,2
20092,3
20093,1
20094,1
20095,1
20096,0
20097,1
20098,1
20099,1
20100,2
20101,2
20102,2
20103,3
20104,0
20105,0
20106,1
20107,2
20108,2
20109,1
20110,1
20111,0
20112,0
20113,3
20114,1
20115,3
20116,3
20117,1
20118,1
20119,2
20120,1
20121,0
20122,3
20123,1
20124,0
20125,0
20126,0
20127,1
20128,3
20129,3
20130,0
20131,2
20132,1
20133,2
20134,1
20135,1
20136,1
20137,0
20138,2
20139,1
20140,2
20141,2
20142,0
20143,1
20144,2
20145,3
20146,1
20147,0
20148,0
20149,3
20150,1
20151,3
20152,2
20153,1
20154,0
20155,1
20156,0
20157,0
20158,3
20159,3
20160,2
20161,0
20162,0
20163,3
20164,1
20165,1
20166,1
20167,1
20168,2
20169,2
20170,1
20171,1
20172,2
20173,0
20174,0
20175,0
20176,1
20177,3
20178,0
20179,1
20180,3
20181,2
20182,3
20183,1
20184,1
20185,0
20186,2
20187,2
20188,0
20189,1
20190,0
20191,2
20192,1
20193,1
20194,1
20195,0
20196,1
20197,2
20198,2
20199,1
20200,2
20201,1
20202,0
20203,2
20204,1
20205,2
20206,0
20207,3
20208,1
20209,4
20210,1
20211,2
20212,0
20213,2
20214,1
20215,1
20216,1
20217,4
20218,2
20219,1
20220,0
20221,0
20222,3
20223,2
20224,2
20225,1
20226,1
20227,2
20228,2
20229,2
20230,1
20231,0
20232,1
20233,0
20234,2
20235,1
20236,1
20237,0
20238,1
20239,2
20240,0
20241,1
20242,1
20243,1
20244,0
20245,4
20246,0
20247,1
20248,1
20249,0
20250,1
20251,2
20252,0
20253,1
20254,2
20255,3
20256,0
20257,0
20258,0
20259,2
20260,2
20261,0
20262,1
20263,1
20264,1
20265,1
20266,0
20267,0
20268,1
20269,1
20270,1
20271,1
20272,1
20273,2
20274,1