"A","B","C","D","E","F","G"
-0.560475646552213,1.04001576056865,-1.27603654812744,1.57770355453398,-0.154121599467987,1.4445686892424,0.210290473685505
-0.23017748948328,2.05279588754101,-1.15504378850783,2.10919998849224,2.62843441494663,3.11346825371647,2.43271400390628
1.55870831414912,2.7053774796976,0.761373916497899,1.44559894560433,0.637204433220378,3.91745716353912,0.912843264074726
0.070508391424576,3.27563436018273,-0.0969209371444466,2.59565946757629,2.84767851761113,2.64660346708705,2.19384209912219
0.129287735160946,2.27756606323491,-2.48469890716996,5.19278647639431,1.89820897123211,0.706969693092356,4.28349433020561
1.71506498688328,2.75678367341015,1.89810594916102,2.89233355775305,3.51091096790846,5.513466472463,2.75429759828269
0.460916205989202,0.561840000706034,0.480183838979791,2.30677989093754,0.810068054210739,0.905597930758408,2.3530415579557
-1.26506123460653,0.344269906418734,1.78367675584506,1.05646243622838,-0.00618191851248078,0.788766147887287,3.24227709369107
-0.686852851893526,3.496536570618,0.341771812104334,4.05739989559404,1.57190399652272,3.0028753664435,3.32471488717076
-0.445661970099958,1.08270800278897,-0.669790294011972,1.7051687929643,0.627104377427979,2.43179944515685,0.108208790166093
1.22408179743946,2.14326613209871,3.40943204567783,3.86420824815055,2.20226437005642,4.4113961534701,5.56524588258456
0.359813827057364,2.94079856442374,3.01213293744419,2.55492557796223,4.03924722097502,5.05682838185689,2.7197455339604
0.400771450594052,2.76191028531818,-1.01832609099315,1.22427703104102,0.741174354393057,1.29066531962405,0.426118866019394
0.11068271594512,2.84017522934737,0.524373313927984,3.88667234367086,1.47788931145512,2.36770227658355,4.215553700699
-0.555841134754075,1.2773520070414,-0.489167486009187,1.65641237843466,-0.66356484507837,1.6306140102402,1.75643515008916
1.78691313680308,4.55218472570213,1.08050771495555,5.64993688852175,4.71051388725183,6.15946247022825,6.69659587121584
0.497850478229239,1.22567152238538,0.476467967683434,1.98234833214907,-0.85569324823306,0.926917310252358,1.29530435259337
-1.96661715662964,0.37782950672263,-2.24520904118387,2.71822149853895,-1.27923792959441,-0.405153893876866,1.22970416224526
0.701355901563685,1.85694438403299,0.636267531024404,2.65008802833052,3.3086839715038,2.45811919717543,1.98156694404273
-0.472791407727934,2.30252551183484,1.51285165927783,2.26274237862461,-0.624927032440425,1.82038746259428,2.47899282419766
-1.06782370598685,1.27574779661266,-0.698001857128225,2.61862206544869,1.04723261705584,3.57440165803954,4.06690823578566
-0.217974914658295,2.9353281500435,-0.271914168027601,2.59549127540898,0.215980280813885,1.69689838015236,2.16612453956008
-1.02600444830724,3.23769731033555,0.885569782183847,4.95114734848882,2.52600590566318,4.39402897980278,4.78245054259522
-0.72889122929114,1.55754254829207,0.533950626037379,2.23686380060796,-1.53083193107826,-0.127276148779678,2.73828356426324
-0.625039267849257,0.965351933522212,-1.96101445230591,-0.354110739464043,-0.895499068809322,0.664099403038739,-2.31985882971355
-1.68669331074241,-0.172871375112635,-0.61478968210902,0.406819957315127,-1.14986107554308,1.27689163402246,1.07382311582017
0.837787044494525,2.40719565336497,2.072440756925,1.05266503056844,3.06450207075981,4.01040335835941,1.71801078509141
0.153373117836515,2.05309665790883,1.4919629088374,0.258812354441581,-0.160530163546725,1.06385534139068,0.124770110453931
-1.13813693701195,3.08129236511102,-0.149116864691744,3.21611330666532,2.15585346325643,2.22145280183867,3.20917105198741
1.25381492106993,1.87394239411817,1.34812826764786,2.95962031258036,-0.133439802009069,2.30683671268258,3.0197422712233
0.426464221476814,1.24795394065657,-0.983703101450277,1.11214086979428,-0.354073982437522,0.544568090041618,0.455830772406824
-0.295071482992271,1.3559761232884,0.152595825385238,0.620340960177942,0.951442846583354,2.03294146277474,0.504470555597591
0.895125661045022,3.30365999233433,-0.506886104665311,2.71053124740566,1.69954356738297,2.980453506906,3.78392889501862
0.878133487533042,3.52361864976384,-0.0189513243304232,1.91600778248421,1.16333058217252,2.61821936374672,1.16391660957186
0.821581081637487,1.74933016606814,1.34639422459835,2.92753291139777,-0.15460378781946,1.66902743138495,4.1275969873428
0.688640254100091,2.67795080962966,-0.792572984641098,3.44906857184907,0.599601645180546,1.98933033875888,2.95155262828648
0.553917653537589,2.40024114493249,0.543877077641853,1.08487729188653,1.30072058504082,3.9669313412411,0.916214982925635
-0.0619117105767217,3.14567710196439,0.397376184183183,2.57790510980437,1.03500448186719,3.44000694197612,1.83464545327334
-0.305962663739917,2.84442210551012,-0.0980693620303287,4.03831152894669,3.00058010846742,3.37546582271209,3.22814662150263
-0.380471001012383,1.38334250475557,1.63195332132922,1.80028051800083,3.12405849262978,3.04060233559916,1.997120470836
-0.694706978920513,1.49022818352551,-1.36970081803551,2.05267562093274,3.11863980561428,3.64609506264753,2.39014923513496
-0.207917278019599,2.48638879098586,0.5021716224258,3.15771237766811,2.12858374089609,2.93071633137052,2.26143686773551
-1.26539635156826,-0.665809717851578,-0.7216287432348,1.16076739418466,-1.0494587483846,-0.465635460641912,2.39936289123666
2.16895596533851,3.42489380679076,0.823645738835332,4.60366880346212,4.20848851945797,5.41897025018532,4.30197499259904
1.20796199830499,3.54124248264647,1.06807223300488,4.25143510646616,1.93183356514662,4.07502873432912,3.59987857891457
-1.12310858320335,0.578280979057202,-1.5819548822856,0.0272296212751912,-0.936727215265209,-0.349688690238564,-1.31618482430549
-0.402884835299076,1.61777393041255,-1.51489333416794,1.7700148259736,1.45878809540714,2.93552908265661,1.17516149606582
-0.466655353623219,1.60566818166772,-0.727808552295032,2.42626622296418,-2.37584298044044,0.402167278371429,3.64055097697237
0.779965118336318,1.90031888035274,2.14173970892361,2.22114334012879,2.78405773800957,2.03512952727348,2.63146405053056
-0.0833690664718292,0.938824910644146,0.0140802413766055,-0.521987843753026,-2.05349689899484,0.72443481494951,-0.559872511010325
0.253318513994755,2.00278757619768,0.458093655225263,1.64383657834399,-2.00436621301406,1.88060075506951,1.86776278747883
-0.028546755348703,1.63013477291395,-0.204120015351891,3.15564549236285,-0.532117040429693,-0.797447026652326,2.82184463505855
-0.0428704572913161,2.7997986998284,0.449057503308167,3.11790625194507,1.70649908882321,2.77285819758675,2.2440741974675
1.36860228401446,4.62476403970649,-0.267378401009917,2.76477439017982,3.91104475284787,6.81602977837374,3.36963678988922
-0.225770985659268,1.80746083210594,1.04502497373901,2.48114878870369,0.904958656555543,1.70008234349384,1.42051966676394
1.51647060442954,3.61184847603518,1.34294056245612,3.36958646001678,1.05505359164426,3.71517498603427,2.58972367713234
-1.54875280423022,0.690582442710094,-1.58082922480682,2.15526158329818,0.336611248254488,0.162559448513643,0.891972402165818
0.584613749636069,3.06905084358999,0.346860120630027,5.25489419226396,3.64202887018651,2.80812171860711,4.5897078807898
0.123854243844614,2.31757885735449,0.77825874142143,1.10640506908528,0.249462736774826,2.92711633266639,2.36116740628841
0.215941568743973,2.40934875685539,0.665701766426589,2.18148060780797,2.05071794842363,3.48399921631409,1.60655430171399
0.379639482759882,3.41662671382391,1.67175375725682,3.25287575933433,3.0341570941703,5.5486578066953,3.418097864046
-0.502323453109302,0.610720088117104,-0.864149481449501,-0.708700938701796,-1.77333249582165,-0.833227182767056,-1.31587634268979
-0.33320738366942,3.18129810618996,0.949532923655683,3.19568867837281,3.46216169323907,4.21291105811162,4.85981681077907
-1.01857538310709,1.53425210569416,0.527260318387675,1.48080743607348,0.734731580384255,1.68786856686977,2.99245228060832
-1.07179122647558,1.32338902953173,-0.698378745140643,4.16197508925185,3.30444530506219,1.8733528540104,2.40802643223403
0.303528641404258,1.68258106199283,-0.824162372119756,-0.740169470488377,-0.961913444042288,0.987380005965107,-0.559303133941938
0.448209778629426,2.19469023132101,-0.865040301569803,4.02450433013219,3.29677840932237,2.67913969519666,1.97883630260863
0.0530042267305041,2.41608818581485,0.484289071310223,3.69928639776152,0.70154557671058,1.74569203584009,2.693999956236
0.922267467879738,0.674099716905369,0.390007000218974,2.20696143145406,0.311939789778312,1.46862293667431,1.56065684602483
2.05008468562714,3.03854579966362,2.80414500966502,3.27379405248934,1.27505967425133,2.70006514286536,3.22077084217448
-0.491031166056535,2.19316667946058,0.289622377467937,1.8244163804182,1.45243532045694,2.69534729392061,1.98641698534366
-2.30916887564081,-0.141816886864425,-1.5265293129839,2.00635957997652,-1.31000566389975,-2.29741294116647,0.881926230340802
1.00573852446226,2.00406327408554,-0.522672986265986,1.51709722682428,1.23939592884635,2.73184278999573,1.46252043775808
-0.709200762582392,0.796944858799096,-0.937002055896449,2.25262321902124,1.51354633677857,2.06405672826051,2.88219763196142
-0.688008616467358,1.68534213924016,-0.00111591533634786,2.58237868278275,0.66592532875374,2.78857344386308,3.49479737308262
1.0255713696967,1.18562471090985,0.0618510377916989,2.90617549407206,1.11882771327618,2.47642263540312,0.569009714685139
-0.284773007051009,2.6434108349414,0.371843616705186,2.25384115297049,1.41797781521503,1.81615020346819,1.92278277405372
-1.22071771225454,-1.14550884423958,-0.94469690829705,-0.382843818944728,-1.00312177436176,-1.54391199966088,-0.246041660267001
0.18130347974915,1.64170326148376,-0.0149081689199003,2.45126884685084,1.21392751227754,1.9003429257621,3.365014606978
-0.138891362439045,1.10170443107528,-0.79995535402735,2.07687825726703,1.55779788228723,2.0422409659855,0.978692845744955
0.00576418589988693,0.756011139171491,1.90792567785865,2.9032061514223,1.15468189817158,0.73943149046723,3.50388373606351
0.385280401126331,1.23031698078811,0.525261932033559,2.34662131493775,1.07715626610835,1.27310146093058,3.95412258614647
-0.370660031792409,1.95354932817167,0.045303624603246,2.51232456906782,1.9434121695938,4.02238744391844,2.47820743167832
0.644376548518833,2.39572720759919,-1.36967414062465,3.51962888923488,2.27102941475445,3.96580777714763,4.49569941186976
-0.220486561818751,1.52275811809214,0.549548618639952,1.52232286690173,0.121209759679995,0.0708651120387848,-0.626845107271599
0.331781963915697,-0.055338204449298,-0.857732606921863,2.05423515316459,-1.1097232606716,-0.451016638334052,3.53959639714009
1.09683901314935,1.55315049902369,-0.343102067779624,1.064663745455,-0.289611186732782,0.871622411430598,-1.55402959781192
0.435181490833803,2.21683808020434,1.13593191643855,2.88993402751591,3.15424763776826,5.63179072952951,4.18839610095062
-0.325931585531227,0.861219578561958,-0.615666439273844,-0.103992058619358,-2.29452924661989,0.539128962928045,0.723363732410079
1.14880761845109,2.12227716444987,-1.17396847077763,2.73204327332158,2.3706653084708,3.69477238077899,1.60934427512315
0.993503855962119,3.8443437977674,2.26665603787042,2.12307752729515,3.0326203845848,4.70948380636677,2.48643159563695
0.54839695950807,2.6143059161238,-2.10320844563849,2.59852919632132,1.66605377755428,3.24599730949335,1.85294098035168
0.238731735111441,1.14714076645038,0.692177397415306,0.0455430864488082,1.93081364714592,1.87180586877818,0.487748335805522
-0.627906076039371,1.02897912416629,0.703296211064924,1.08066555701765,-0.196303831265639,1.0921314513305,1.49315607956662
1.36065244853001,2.80361847727314,0.0493583576044693,2.18636602415691,2.75307654530375,4.19727916878732,3.30147932635986
-0.600259587147127,0.839497149047196,0.144157257837991,2.142422657321,1.11565713683878,1.56722035234042,2.21511827151548
2.18733299301658,2.7858127839187,1.53279688489684,2.36794681865738,1.48979074044437,1.65787939499493,0.680015519719679
1.53261062618519,3.17428441894776,1.80692846600711,2.45340399139088,2.10585067832563,3.25352899015328,3.34710916817707
-0.235700359100477,2.55263443223938,0.366249208402284,4.00835979038232,1.53511227387655,2.53980819537666,3.43129289193717
-1.02642090030678,1.40571528332187,-0.758094229245915,3.65317110799738,1.3677569897512,1.18075401365248,3.82752983477678
-0.710406563699301,1.2315277363248,0.560788776090561,2.95554979963761,1.66605818199025,2.5431181688096,2.0093717815948
0.25688370915653,2.59332721209405,0.929064211088031,1.32408654332438,2.40015991649767,4.5990196888872,1.31273335963793
-0.246691878462374,2.5965648642816,-1.05991497336698,4.09424848759238,2.26431092890334,2.19407688785085,1.72297392773919
-0.347542599397733,1.58145196223345,-1.5745587336946,0.878478802823711,1.49978331331186,2.43917782038272,-1.32272638315384
-0.951618567265016,1.69451034513386,-0.31553174363933,2.1142062196119,0.143925694485823,0.863644488130801,0.0318347732022748
-0.0450277248089203,0.8184049130669,-0.296476237179643,2.30734164245956,-0.441863350848287,0.425005518992659,1.98225266171462
-0.784904469457076,1.12242573626547,-1.37799134729083,1.5718109349958,1.78700249091444,1.64537642714669,-1.87818057757193
-1.66794193658814,0.245348175235449,-0.750040288779036,1.021350919047,-0.577285159322864,0.105495021168024,1.87370840437007
-0.380226520287762,1.89148328732983,-1.51010978663079,2.44942072736143,0.312158905246582,1.58932974167303,0.94981354241988
0.918996609060766,3.0925168010916,0.620724655856582,3.59261978287064,0.603690559726862,2.45357161957312,3.4963174231382
-0.575346962608392,1.41610445091595,-0.912601868846116,2.40262379471442,0.823311904371187,1.38755880441232,2.99542221682336
0.607964322225033,1.72015723499023,1.261146435305,0.477748810626522,0.800487267166919,2.11668672775744,1.23565156036958
-1.61788270828916,-0.22402038341605,1.61554778701695,0.667537497548871,-1.7617457404872,0.29340935236574,1.66869164171975
-0.0555619655245394,2.23407103818245,-0.943760226449062,2.85068824993269,-0.410106961080922,1.80506842245641,1.55150513152563
0.519407203943462,3.77236261543019,1.31736777291471,4.23139384244048,3.52176993305503,5.11359110130713,3.04094317465467
0.301153362166714,1.45378709480368,0.97572640885164,1.70029068219994,-0.960389484935321,0.580704942892838,2.56212542950293
0.105676194148943,1.69974228302196,-0.017356127230887,1.4871679576812,1.69091291781531,1.49357871754647,1.12850293136628
-0.640706008305376,1.81811575360764,-0.773999378209703,0.905093225929368,-0.256401791775546,2.63211607419775,0.504945668025551
-0.849704346033582,0.765616073110304,1.15045553382069,0.807124002257381,-2.17103162569758,0.226223813547196,0.361999173765185
-1.02412879060491,1.30226928233652,-2.5175222135387,1.79006357199264,-0.0629526506095058,0.783127029838495,0.0473389289435658
0.117646597100126,2.04652116070174,-0.5843714930436,1.79735876361803,1.45230835925984,2.40849273292152,-0.90755321272398
-0.947474614184802,0.465768718085475,-1.91058075075018,1.92074079078041,0.0897175993604725,0.59435702729435,-0.687935365406783
-0.490557443700668,2.43899529617778,1.15003471709574,3.0747979382222,2.1183455326724,3.86127631415088,1.65608132959845
-0.256092192198247,2.64143408346437,-0.318749528743981,1.24026542373879,1.5126813803893,2.93633487990153,0.808433945265895
1.84386200523221,4.49922911084297,0.397259803146432,4.46679222238841,1.7906241327799,3.69828685001181,3.11261725688547
-0.651949901695458,2.74643666482601,2.8580695232186,3.46421032359615,1.85018656990822,2.63988589897762,4.65010763282099
0.235386572284857,1.68194746990531,0.0676560182548002,1.9160362390192,-0.426156497743263,1.38786649553879,1.78672862109407
0.0779608495637108,1.59788678314266,-0.404768887084668,2.0920249862335,-0.585705428575601,0.985136550467219,1.22246041733047
-0.961856634130129,1.49173269318764,-0.18106306692892,1.61197457827761,0.857497602496269,2.11198293403519,-0.227079820791421
-0.0713080861235987,2.57303450765275,-1.60407866381677,2.50773741257031,3.51743003543201,5.58940650524307,0.944399802433153
1.44455085842335,2.81601453051378,1.21257807188374,1.96417004599233,1.22416039357542,4.17338490803661,3.14551017013192
0.451504053079215,1.93785843406289,0.12958882545964,2.78170850348392,-0.414110664732809,2.17059056116919,3.03217262647244
0.0412329219929399,1.4147148100397,0.489141583526616,0.765483774692302,-0.475909871591528,2.20132495612733,0.57272459333046
-0.422496832339625,3.14420442485504,-1.19361905210767,2.61047844207141,0.912428675121658,5.21581355059297,-0.372375890607376
-2.05324722154052,-2.15076412927389,-2.0496074529182,-1.41917295963021,-3.0308451819353,-2.89018413229887,-2.58329937677619
1.13133721341418,2.73749173694746,-0.127746056569097,2.04532650150655,2.56804905363275,3.94947055486286,-1.13459570345555
-1.46064007092482,0.869700820313676,-1.49830960855519,1.240234934426,2.13732368600274,1.60554010083578,2.29073027916996
0.739947510877335,1.5323484057083,1.66902372212226,1.58739136790305,-0.388801014383351,1.71618326105491,2.12997415893899
1.90910356921748,3.91270875019462,2.53369734641683,3.0389342459542,2.29022036511719,4.75179650687081,5.00958571222425
-1.4438931609718,-1.12220221258755,-0.878838533524967,-0.0389754455939066,-1.53705242575364,-0.694751652092616,-0.560574205532118
0.701784335374711,3.51639632941169,-0.00804439289732506,1.876579822509,2.31661915283744,4.19343695229751,3.76125325955086
-0.262197489402468,0.12688142360743,-0.460137575122903,1.19985536404653,-1.55074247784337,-0.187251287794357,-0.00282703840465561
-1.57214415914549,-1.46045020741342,-0.716835601719727,0.609531013767461,-1.29572665359258,-2.34653022897715,1.09983399320439
-1.51466765378175,0.0247020511825703,-0.660429593189821,-0.265807256206107,-1.26706861452395,0.320604537455976,-0.514341999850357
-1.60153617357459,0.880851455052647,-0.510733699021726,0.203495396943847,0.647419042585551,1.00199974835626,0.705982285826595
-0.530906522170303,0.923707617499593,-1.01213220213141,3.87859244236018,-1.02361405623593,0.7367108638061,1.76064905113891
-1.4617555849959,0.271308536725661,-1.57777418131827,1.42942321652068,-0.432112472135325,0.502158713730134,2.89353444917991
0.687916772975828,2.88353839343844,1.541036050234,3.07166980231171,1.87958316169741,2.68717915013615,3.68335351605135
2.10010894052567,2.62118623093209,0.501427109159513,2.63632290607544,0.704508268708937,2.34300386876944,2.07654848349361
-1.28703047603518,0.884526073411384,-0.340469542792139,2.11181601250871,0.615856486385412,2.43499742075679,0.578221584577802
0.787738847475178,3.12812407090954,0.336898889934257,3.22692791072991,1.05377980655538,2.8723928224108,1.51365304020844
0.76904224100091,4.24922344950934,-0.573328271650214,3.4285444622998,3.38089776549436,5.41485619993858,1.04002161160314
0.332202578950118,2.74521394440029,0.757163198886566,2.48917369405816,2.40457256026439,2.32587015464209,0.825581679305042
-1.00837660827701,2.90806170554515,-0.331083430645549,2.69115848754805,0.738487074993114,3.25906440015875,2.32932131626085
-0.119452606630659,2.35759794822519,1.34005705289718,2.33064916798521,1.53187918334871,3.21947982000371,3.75516354171847
-0.280395335170247,1.77244260503844,-0.0227380829581354,1.48901094992994,-0.365426974535859,1.11739434186749,1.68493028270382
0.56298953322048,0.19385677032699,-0.050050991590613,2.20980126266981,1.57274367758724,0.827666795519385,0.0367057674880174
-0.372438756103829,0.477390443186293,0.0920755352534496,1.42799546588989,1.83119707840833,0.791783760399105,1.40777935835738
0.976973386685621,2.46261608561027,-0.697104955692529,1.95076443043895,1.6690822642234,2.63853301208772,2.97691395453786
-0.374580857767014,2.41260576964017,-1.0231844822771,3.28007277369654,1.93468878680407,3.14059346597073,3.55747963154816
1.05271146557933,2.5196555992853,1.0366289839291,3.11398739817784,3.1596249550849,3.09863155440559,5.06114958135861
-1.04917700666607,1.70430701592198,-0.857709404556982,2.05543532996248,-0.12167350144703,1.20551838533731,1.92639049740382
-1.26015524475811,-0.0719355476452306,-0.69603856873152,1.35052698368841,-1.54169423279304,-1.48338657738202,-2.35231699073061
3.2410399349424,4.31870223060337,1.50529825804925,3.11671256613792,4.1583870162905,5.2885744455061,4.049543679858
-0.416857588160432,1.8835199619488,-0.858941412854745,2.1196237208021,0.494902522185828,1.25550278424618,1.77717842311318
0.298227591540715,1.87919635506696,-1.86957486331206,1.31628274421965,0.251361358657224,2.21981563671563,-1.28146423951794
0.636569674033849,2.62208743421023,0.667119807193517,1.65165076952356,0.579538836043615,1.49842875556854,1.62188138078309
-0.483780625708743,0.942227473379748,0.519749194792487,1.32816058118413,-0.928201364250854,0.201640478168159,0.731364729655091
0.516862044313609,2.78783485871039,-1.03028521319332,3.11950920234576,3.97627877037815,3.61751264464608,1.95197930259093
0.368964527385086,2.21411672939681,1.66688498215115,1.63687617989426,1.32919696879549,3.70226286986651,2.61121332285661
-0.215380507641693,1.78064624723352,0.277464569866388,2.071394244779,1.94581328332666,2.30605404589547,1.38337676164801
0.0652930335253153,0.103447340374107,1.37428681175653,-0.758032982624362,-1.74844841986804,-0.870298174131261,-0.784430846978908
-0.034067253738464,1.29907761573049,-0.97420409811152,1.46261707907662,1.45526960478924,1.14355574055261,-0.530090120827621
2.12845189901618,2.2131174343147,1.23100723786234,3.71984947874638,3.29630541964228,3.74937704784496,4.01255202645643
-0.741336096272828,-0.198786934638566,-0.470682007075223,-0.290566751926722,-1.56784299153214,0.280139936001627,0.101182636413154
-1.09599626707466,0.629319885495032,0.220509298344444,0.247591899799828,0.281669686362138,1.54222420158341,0.882758469747228
0.0377883991710788,1.86943235159126,-0.556965368327154,2.08874118760679,1.42481779357216,3.24001977569936,2.84626026924566
0.310480749443137,2.53198482535513,0.145142702769107,3.30706011073172,2.54441075196116,3.41584976764725,0.669077365719568
0.436523478910183,3.44048143342847,-1.56039740928885,4.64444616892022,3.48974757071002,5.23795771775058,3.58906662949173
-0.458365332711106,2.0777080307537,-1.00680410922605,5.10813635013141,1.91479696699916,1.52003568116887,2.86030339053506
-1.06332613397119,2.16140943358152,-0.406629183320485,3.31387984158182,1.61318679405618,2.89333657610359,3.42862597683939
1.26318517608949,2.48423785323706,-0.0747289043434782,3.4104200238196,2.56373027128258,2.64160310255801,3.11951134442739
-0.349650387953555,1.41243951644837,-0.218394679788257,4.0166317785798,1.6561562656996,1.89666631482954,2.45888270631853
-0.865512862653374,2.39275859430355,-0.900682405251907,2.37400671214302,0.914361557241888,4.19670828408978,1.39877941463276
-0.236279568941097,1.81218352878523,0.488790351690942,2.05517906463899,1.20287226989319,2.6784137165651,3.44805797409474
-0.197175894348552,0.162014568837784,1.06990036157529,1.3666803477989,-1.18779032710578,-0.435219211186803,1.11653051123618
1.10992028971364,2.04138071267879,-0.267541267950702,1.00887845403462,1.67880192023154,2.0995027422973,-0.92394714627099
0.0847372921971964,3.07538189359049,-0.26466791249613,1.31733067008536,-0.112998348534863,2.73911964550045,2.16892527561233
0.754053785184521,1.99250577047016,1.816788150962,4.20154341336738,-0.403816339702544,2.3011926733152,5.67786793749933
-0.499292017172261,1.93401051903931,-2.44856926276984,1.77881162081714,1.09404825075357,1.82121572476845,0.014346023526075
0.214445309581601,2.18577894334593,-0.212615136949934,2.0721644035491,2.61231584137448,3.41450742697847,3.434024763643
-0.324685911490835,1.24389366345767,1.90236132839793,0.877769798430933,0.316208170759304,0.999944791855532,1.38485678355622
0.0945835281735714,1.72488043013248,2.24088183315104,2.35148889775873,2.72633205614502,2.78017122717092,1.7386737498514
-0.895363357977542,1.67542986147606,-0.291086355638621,2.76394142546893,2.36988569592888,2.73124596763867,2.06507188291279
-1.31080153332797,1.16093760222987,-1.51900971727762,1.5840450836875,-0.880419662507822,0.957794906611187,1.07237711358584
1.99721338474797,4.83244084769754,1.16406411186442,4.39741328693565,5.58500143662754,7.22542076033337,4.9857687054896
0.600708823672418,2.280747274503,-0.352419984110811,3.54791600708083,1.13389078212419,2.7638210347315,3.43729493945911
-1.25127136162494,0.0757748686733625,0.827181601479012,1.04227433105756,0.0806367095798671,-0.561888579638008,2.50509869306822
-0.611165916680421,1.67697036823511,-1.11206561404326,1.61253578558757,1.728700919153,2.08676379307398,1.23738796614148
-1.18548008459731,1.75695048556633,-0.219828447089907,2.16925525844992,0.271415375913846,1.11737806420762,2.38117351171815
2.19881034888372,6.04101523483397,1.71925524901055,4.38638431833578,6.12397939066947,7.90021156137027,5.66102712362582
1.31241297643351,2.58624736804307,-0.101303672479094,2.91226124126968,0.930778162315032,2.20832885354167,2.41420006930099
-0.265145056696353,1.46153038273465,0.718952153158007,1.12514548376591,2.17664688078674,3.04682939429105,0.508644717212115
0.543194059232089,3.31704845778362,-0.476332941300262,4.71585936572521,-0.747925802286307,1.90625156364415,3.77158797300706
-0.41433994791886,2.94981416816938,0.42306985569455,0.5783460133376,-0.421498347431258,2.42731687950963,-0.643626551418156
-0.476246894615578,0.960320627702562,0.858538185795763,2.07351857520247,0.258036313582473,0.81403886078307,2.25927900498585
-0.788602837850243,2.03368818466422,-1.38274434130833,1.93555450630404,0.113843663138796,1.73972830162635,1.69269885097545
-0.594617267459511,0.959148671990052,0.810686407249842,3.65855287854284,-1.07163822640177,2.49792357771262,2.56984431881742
1.65090746733669,2.35854770362711,0.335920862455933,2.41651996185167,0.551624127633834,2.76983127242653,1.43976580644724
-0.0540281250854405,2.5801384018319,0.267339325894248,3.28793424168172,3.67092115699183,3.45097049782308,1.95765784702882
0.119245236427584,2.20189396134314,0.261460090502562,2.92821974214454,0.679472419136732,3.34964231094292,2.69953584587626
0.243687429599092,2.58428082182149,-0.305352671538656,3.05666898461182,2.03634769906933,3.25401493754286,4.04543579304241
1.23247587848534,2.40547720606632,0.884340809240454,3.20195387959708,1.77523712960461,3.84758268491536,2.60280094388232
-0.51606383094478,3.38212689117094,-1.48846284089623,5.36490255770375,3.32674786683663,4.49826849627726,3.60446897138573
-0.992507150392037,1.87128228873408,-0.632390447380983,3.23740642579453,1.56010851044357,2.94375255067021,2.63538344362827
1.67569693240319,2.96615512027052,1.66363929786677,3.27273273306694,1.08993278976018,2.07337867996975,2.63543884319393
-0.441163216905285,2.34981835748623,-2.39470625768196,4.4351390692278,1.2241097425461,1.69346029491259,4.04871491943882
-0.723065969939874,0.207032840154423,-1.84945917232819,1.72812073729806,-3.8453382149163,-1.9779680778013,0.513617687978882
-1.23627311888329,0.873231377944139,-1.78007411703862,2.26159556366255,0.155801127597315,0.794604789789043,2.45446072790535
-1.2847157223178,2.37558532082629,-2.23144755530433,3.9079398731969,2.87020925552133,4.28245888118964,3.26401844188087
-0.573973479297987,1.35198190495727,0.132596299647365,2.10749395949005,0.430970147671262,0.643975453732697,2.74474186811634
0.617985817166528,3.40487902572877,-0.683935441172747,4.10890600946778,4.24046180764052,4.40091805312285,1.94530377655522
1.10984813892972,2.66595651095386,-1.60962301586411,2.59168933953544,1.99832932845844,3.64010397733161,0.00799048035990714
0.707588353835588,0.268044282762247,-0.283774588162656,1.31246706332972,0.000619738153888048,0.560179538605176,1.12668599664688
-0.363657297095252,0.828861616757702,-0.572463900022432,1.61984575905785,-1.51545578665712,0.710411325666995,0.870571603610471
0.0597499373846007,2.27053563894265,0.88666044247041,1.94964190972757,0.948366488308516,2.10649872410763,1.77009204148888
-0.70459646368007,2.88287553998995,-1.45605036783886,5.05266609692282,0.653957563149206,2.82268268738336,3.86278142709171
-0.71721816157401,0.832823345739959,0.802680174951691,1.02407874262913,1.91581768504071,1.01684126204761,2.84332707765963
0.88465049897692,2.98369941056409,0.840687965117065,2.73281017672284,2.39086710642788,4.88007770376472,2.33400130970584
-1.01559257860354,0.222706647637598,-0.145444131666227,2.48031204370376,-0.219501201649807,-0.526259507978808,1.55647964642517
1.95529396549246,2.54777893106017,0.12512131243173,2.76282302251314,2.0310629032794,2.93480033015916,4.16392828033007
-0.0903195939658516,1.1504276814105,1.90850808291511,2.97342580417658,-0.527596415925723,1.47978137429338,3.66314193369838
0.214538826629216,3.54069312863695,-0.0570014187825471,2.87112806913106,3.35236642482166,5.04024524447112,2.80363490262237
-0.738527704739573,2.34948792611924,-2.19416143654812,2.63179988897803,0.269474458318837,2.58805739431874,0.195922624464269
-0.574388689763269,2.13415420550708,-0.491050816274131,2.24297106542854,2.05061839954206,3.19870235403383,2.57149528410052
-1.31701613230524,2.06184964759228,-2.59295213688467,1.47418111290794,-0.590058695588705,0.977486769035983,1.45823753339457
-0.182925388372727,1.42923469256831,-0.401972809973037,1.69715233143081,0.289297079819681,2.43348128652508,2.08094140123437
0.418982404924464,3.09476286083269,-0.212735800727387,2.5110668629177,2.45357810543438,3.81008644076942,1.02529846683095
0.32430434416138,2.46907275320065,0.8439818624841,3.58579825218751,1.56251197911054,1.86724202951227,5.01518592345341
-0.781536487054751,0.325669885543382,0.618727942210115,0.93698533685674,-2.13154392764023,-1.93955477366971,0.792994705358453
-0.788621970854002,0.538040201035055,-1.12041595032816,1.29384693628024,-1.17998837985219,0.280311606310765,2.55290700676036
-0.502198718342861,1.64829395724486,0.555009509203595,1.3259610772666,1.17988216710681,2.64681348081995,1.88010920316927
1.49606066984635,3.40247859737363,2.17235344459194,3.59693402377247,2.67154419291165,4.40202961276667,4.52246124965619
-1.13730362066574,0.768798684806426,-1.35279581517552,-0.0737772775391313,0.272402515800593,0.558392031982304,1.40015614146896
-0.179051594380198,0.860267480709304,-0.741930163689432,-1.34768454778672,-1.38695750033623,1.08238633317875,-0.30135382686948
1.90236182167893,1.43099751685399,1.60195927399315,3.88180460506362,1.1653864807766,1.87318762212482,4.59509786956838
-0.100974885328808,2.34445557117805,0.132560527279531,3.39838059724734,3.52685909150765,2.06093615921874,2.32550318850328
-1.35984070382139,0.616855727805788,-0.131145391466414,2.0665276435245,-1.18708896119351,0.794781952298315,2.7090507634573
-0.664769435274062,2.01734533496203,1.07229957691053,0.175633468670427,0.889791232314941,2.53308294892259,1.35570553451837
0.485459978904878,0.842476169873738,0.629813109028834,2.26686243593881,0.263593211052884,0.288139943400246,1.77894345345734
-0.375602871669773,0.446181767351739,0.863899834340486,1.83214150772427,-0.459079836789092,0.733613684636622,1.77532663678831
-0.561876363549783,1.43916703448821,0.341967280562303,1.92976188274179,0.0917889549279281,2.03756075522355,1.59842915572113
-0.343917234128459,0.31205267706553,0.261661772744625,2.04347563659962,-1.30368928155003,0.900786814184385,0.300021274968122
0.0904966471392212,0.0894434669906658,0.431332761754023,2.18317945759966,-1.27161540327905,0.81837868240847,2.81566086703048
1.59850877114583,4.06240242475023,2.09057769003099,3.72151809813821,3.02355085269653,5.28519352295965,2.69698787330562
-0.088565112138884,2.83001725003843,-1.0465424297801,4.92634915268573,3.94914333119439,3.69741962723812,4.36055527048346
1.08079949615152,1.83467595491671,-0.564782981081736,3.2726358679415,1.29920707414375,2.10618104943779,1.17291159317695
0.630754115650567,2.23254602395386,0.907323061222492,3.78716759805349,3.55855930692271,3.12781553397033,4.72779369186399
-0.113639895506141,0.775115178423833,-0.176509611886184,1.22746301006405,-1.43746148254695,-0.339106828002632,1.85649161497098
-1.5329020028906,1.09010531444051,-0.692445789760339,1.63195086444685,1.24562580178741,1.96239657037008,3.06423563706247
-0.52111731755252,1.55342784495599,0.480718718395139,1.16481406901529,0.271365250130496,1.32920403931676,0.0547912636705527
-0.489870453138474,0.738643186529854,0.508359821279839,1.92441931605125,1.87431627364871,3.22390064651851,2.89022110994653
0.0471544327615272,1.26350600231304,-0.239093286981014,2.14846563599963,0.401862715019267,0.919869143850758,1.62255689981869
1.30019867766682,1.97807774870526,0.337555469836308,2.47593797803535,0.212147048669727,-0.513936530602568,2.57932476232235
2.29307897383109,4.27083744125742,1.22013809592342,3.30889878001444,3.8831919407922,6.49709023038031,3.05189980690404
1.54758105898377,3.80907369500112,1.83680831878663,3.4343820913698,3.3821586079274,3.9722360523225,4.24071347859771
-0.133150964328944,2.26995412295273,0.359445004514532,4.5740796688315,2.85254633732341,3.31689586540288,3.14910488006725
-1.75652739555764,-0.248111613862087,0.554743813044376,-0.102837486808686,-1.08358368647499,-0.0719918668312144,-0.77278732518726
-0.388779864071743,-0.0971935194926673,-0.202026802455844,0.525874303728937,-0.367239793170928,0.979679838746942,1.21308310594133
0.0892072230732945,2.60224144161311,1.1702712167574,1.41813645531672,-0.51957605099158,2.2194237060124,-1.14171782849685
0.845013004067436,2.49895145585963,1.30550881305096,1.50853695152581,-0.110231420091232,1.80968015578363,1.60711371702913
0.962527968484271,2.73063002481592,1.09334744514221,2.62467581593596,2.12913019977595,4.34172502995799,2.35551670588453
0.684309429416464,3.57957552840656,0.756855421486697,3.11441556809751,2.87211287944765,3.33692316658193,3.85222729003764
-1.39527434979947,-0.00973531424117377,-0.977519572042252,0.376283715798606,-1.02302176319147,-1.54537649496255,0.37826884007089
0.849643045633355,3.8237297621917,0.315784013647446,2.90276652400131,2.2844220702078,5.36644520963989,1.38454563105274
-0.446557216427222,1.22956273164529,0.00611688749485576,1.66406698893273,-0.130972425181,1.41021700238398,2.98298740447827
0.174802700161256,1.42665433837299,0.136290240759914,3.13267857998153,4.07105663128331,3.9901894304365,3.92965506217145
0.0745511771737346,1.85389479792142,0.980500056973088,1.93992517301832,-0.289569514706492,2.56828338014038,3.57586782947781
0.428166764970505,2.73255314081925,0.104766259298822,1.62958333495037,1.42380968083493,2.9259710286218,0.535631692163421
0.0246749828261399,1.81252434100519,-0.0580394301747577,1.19971523420295,0.566277325422302,1.54784465931138,2.96114563140624
-1.66747509758566,-0.234487298616389,-1.3180566363585,-1.1684887581026,-1.01031550186008,1.403223914964,-0.373240540518964
0.736495964773442,2.30757249302797,0.229911653843393,0.904784422901508,-1.16855966776751,1.55415910740208,2.06306824592806
0.386026568349676,-0.233109846458239,0.124247641870993,0.0894029247162669,-1.16435843597463,0.337230229561024,-1.08001149476924
-0.265651625278222,1.27896701790498,-2.44656158653853,0.918861451299108,3.22204702799844,2.09644043673231,-0.219678560194266
0.118144511046681,2.55048182637637,-1.30575944169098,1.63631116786234,0.873789928842893,2.48777226001207,1.13865489344402
0.134038645368463,1.93797114176268,-0.00546758726772736,4.3458234530413,2.39739601967096,3.86128324993956,2.54054610326647
0.221019468561002,2.86514329711003,-0.154774040583998,4.75673139067552,2.22069624072859,2.69051649206359,4.01767817307647
1.64084616597749,3.79865936675645,-0.380446245218693,6.22347085734247,2.42157694634596,4.5389193822517,6.22644652087007
-0.219050378933476,2.47040644320881,-2.10106336550976,3.5057804117875,2.81420033219636,3.35211613576703,2.62968026281606
0.168065383884657,2.79049725213321,-0.270336527971098,2.79209953165398,3.96005956809416,5.67172267602521,2.64601974370642
1.16838387306909,1.19612633708101,1.23768770222882,0.794027741506088,0.120365452734558,2.05050384281197,2.65650598308469
1.05418102337692,2.84750449871998,2.30032914361602,1.89248688696778,2.71621196858237,5.14855342759606,1.86874540241819
1.14526311038036,4.54627782291111,0.53417476148084,3.685520528567,2.43680013906057,4.72697076429116,4.32372875800701
-0.577468001059557,1.05754037210794,1.20445084009794,3.02079918707201,0.310296371396575,-0.476391860254002,4.26812884475411
2.00248273029283,4.05478862665483,1.08426352278238,4.50482260099749,2.14572988927798,5.75510313716839,3.18092507833657
0.066700870930183,2.19675442772408,0.148882539724651,3.42722829667917,0.410499278919679,1.00763631358278,1.1533706379458
1.86685184470686,4.05049370095351,1.25825123570218,3.64822416293085,2.82891815039472,3.51838207724965,4.74727704599579
-1.35090268603071,0.647247734004917,-1.54602858827627,-0.100562929122467,1.48964804943429,1.38746748304423,-0.959633984654204
0.0209835863542375,1.36848757256739,-0.0412264197177647,2.28434397257675,-0.271353233487758,1.58640846041222,4.43462033268518
1.24991457096922,3.07189250114102,1.53340498427686,2.93571277873422,1.48206590707774,4.53329028302888,3.57413785812371
-0.715242187222796,1.63562108092518,-1.10734688046359,1.84097644949829,1.48163394781094,3.39592003837796,1.18640501895247
-0.752688968217742,1.21251653574194,-0.697950553996832,4.03293480341164,1.57302004082547,2.36776472555093,1.61954306283431
-0.938538703606894,1.28060970214093,-1.6170401022627,2.76611807471721,1.73931464853619,1.91906162367602,1.03329278055844
-1.05251327933874,1.56934131021979,-0.171904443220014,1.87013271346653,0.907788618561695,2.43522818589238,0.235657799194532
-0.437159533180399,0.874088482993218,0.206220015798823,-0.291584481428067,-0.945253928999991,1.19373283142998,2.66880600633061
0.331179172958982,3.40462099556525,0.813936937703573,3.09659322617192,5.29527970135757,5.79393748040357,1.83287839833116
-2.01421049792072,2.58939187241001,-2.22691528047726,3.80296323078719,1.70753170685116,3.1596596293441,3.15329389074512
0.211980433372292,3.64678967543267,0.21322525144091,3.92557376551712,4.16852483830941,5.18329144245485,4.95980073198263
1.23667504641657,2.53492218642569,-0.32572016844156,3.0465528985135,1.91945641332431,2.10179034351831,2.28779781917419
2.03757401824044,1.8071719455599,1.01840236040419,3.31011400102002,0.878000635629684,2.20784857151915,3.53084701594675
1.30117599220059,3.09513875087006,1.99321191610637,2.99758713839422,2.59163600360999,1.71653917285999,2.41326040706658
0.756774763795962,3.48569303164084,-0.125137905036295,3.09418309693183,1.36539302612185,4.32156123965205,2.72873228315067
-1.72673039911433,1.3967223786442,-0.14668187861834,1.72373953138198,-1.30794282642566,0.187790088233331,1.13168714270726
-0.601506708006782,0.289047858882832,-1.05042193808709,1.93684642867869,0.876565555387066,0.21398304623109,0.569648472372605
-0.352046456582617,0.605214323990494,-0.654551438741614,1.15430189582902,-1.91948348199032,0.486140314504944,1.37402821723646
0.703523902756894,2.69656375708315,0.790483701965064,3.64789577239727,3.25646340225827,4.20789578609153,2.76656030525756
-0.105671334003774,2.54154427817383,-0.731947937459755,1.55089737536308,1.10729173782983,2.40762168292386,-0.441996212875466
-1.25864862806017,1.86601276140732,-2.33228914917552,1.0351439116031,0.995038616568411,1.57503687054129,0.821704098123757
1.68443570809411,4.16394054541425,2.10738628926039,4.04214199009642,2.80830745555239,3.02371494367212,4.68288021188442
0.911391291795963,1.76113754147028,0.816052883777828,2.99317943701722,0.872650962428338,2.73374675051463,1.39743436025875
0.237430272491026,0.877339161792835,-0.464924304314577,1.20648449723278,-0.037589792791923,2.14147861240205,0.196043448153175
1.21810861032581,0.961967110301365,-1.38502448216769,1.09595563229291,0.700052279315913,0.928283293414003,1.28359637609212
-1.33877428723497,1.43391326793984,1.23282262778182,-0.835636879351007,1.55825327915314,3.20093386104115,-1.25645644207253
0.6608202977898,3.35676780400127,3.72078097016644,3.72405833702185,1.17456495323594,3.61836530935993,5.61485968631912
-0.522912376313422,1.91752078777431,-0.0539757808012545,1.4394095726992,-1.02084708049866,1.29870290334519,0.946403705761541
0.683745521850712,1.48787197146926,1.19167940843655,2.44408528621155,-0.132679176103739,2.01459176503686,1.2583914801415
-0.0608219546600742,3.51905918622129,1.19414933474412,4.8905531533083,3.39788022347908,4.90915556296004,5.34995793407457
0.632960713031451,2.13622194606177,-0.385324077022883,1.99943631631591,0.220738108587333,1.06994596263188,-0.843540560030708
1.33551761505939,4.84745245354321,0.316562577973156,5.08994209903413,5.36336023952987,4.18130954256915,4.06073306876832
0.0072900903168988,2.55723407733409,-1.72347599148675,2.63751808083623,2.19789450624139,3.11510077370146,1.59839167524393
1.01755863695209,4.0043575546472,-0.227798913795826,4.1716549239647,3.27196132615329,5.28566435270591,3.9142917765389
-1.18843403514798,1.37985499817602,0.028192765312125,0.810099113443652,-1.69810669139336,-0.688660376545049,0.997369987979604
-0.721604440436015,1.35806421955131,-0.651518209458878,2.36846854861402,-0.870422170765127,-0.0765104360809085,1.98558927226428
1.51921771138818,2.20282610073733,0.545397321511012,3.8469398149651,1.30490744769467,2.95116126049982,5.06536502082241
0.37738797302393,1.74339618822778,0.0761344350094487,4.01708918738055,0.899465531483729,2.98080988309006,5.36046485836809
-2.05222282043373,0.31111390737659,-2.88977839271247,0.0303990803065293,-0.82067520527081,-0.00759890057856654,0.7033927365063
-1.36403745208238,1.19084410631914,0.155611208190483,2.36727588278062,-1.90134216269935,2.62943529816915,0.881479913722053
-0.200781015589121,1.80615597519761,-1.54388339672998,1.75628501187257,-0.710398286739669,1.5536007526089,0.156641851200217
0.865779404334488,2.51465153437417,0.224319539751596,3.28297670216565,2.68698812768099,2.85088602864094,1.7857250026353
-0.101883255715222,2.10197891236988,-0.489505089916442,2.29292137620249,2.16034380278915,3.87211743598966,1.44938153150668
0.624187472020653,1.97497793501901,0.0934999191541282,2.1344512889118,1.56801615276487,2.28841615944666,2.26374670890348
0.959005377787825,2.23126684589075,1.9394686336297,3.24398628886324,1.00554117446779,2.70339331715401,3.88243691019803
1.67105482886294,1.88113916143433,0.2534674965161,3.06299893973987,2.14296200712235,1.35749628665657,2.62689363520827
0.0560167332749619,2.89108485688798,-0.755089229074415,3.30283643760765,1.81519471345559,3.53631243265572,2.5152156755336
-0.051981906180899,2.0053468430568,-1.54564494803429,2.86779217218604,1.50498284088674,1.76215062696896,1.5446712353305
-1.75323735914227,0.513785879258837,-1.68231676118238,1.73811052801447,-1.17463144197603,-1.18289646183168,0.0307231620914676
0.0993275940878275,1.33854346049535,-1.11652091032382,2.21535442389974,0.525157012379562,0.635760280555205,0.813563549475135
-0.571850057895563,1.29474608978114,0.122021167300514,1.99755242295375,-0.0531603953530624,1.31504621714818,1.0175543562724
-0.974009582804091,0.13400947805543,-1.35000903740992,2.00941686040363,1.04149873540324,0.324443119643658,0.761260481444913
-0.17990623104754,0.806777662809219,0.214088919504366,2.27464365622179,0.386460817465287,2.03616909171549,0.738273864174882
1.01494317274366,0.893002766488331,0.361044098523908,2.41903477511386,3.25172959433845,1.11013754660803,3.55442480513522
-1.99274848868858,1.38749998169757,-2.4299364242551,3.0782184856824,0.684292762865965,1.53759325370791,3.74953905790497
-0.427279287205429,1.78414065238095,-1.00424742932541,2.79823578968122,1.91385853424024,3.24710217255021,0.807828882139348
0.116637283582706,0.976533451311735,0.943431096849031,1.53057508722355,0.991166844194598,3.58689653463266,3.01041095211855
-0.893207570054953,2.44922054770194,0.456472300927091,1.6249839601461,1.93269995761758,2.85362690761112,1.75831862845432
0.333902942499225,2.8917140373685,2.17252474555024,2.53616737235636,2.73855515302993,4.64804243537978,3.17831507915892
0.411429920615731,3.07152621107725,0.202134651908084,2.28011343045328,2.82257394527783,4.17201431817256,2.19141291358906
-0.0330361592759917,1.74780050563639,-1.51234489362014,1.92495176697022,1.50344501642022,2.02131462839002,1.58467228327531
-2.46589819376003,-0.395590561593679,-2.00136612389517,0.197792034244037,-3.14690636549404,-2.39559372386339,-0.519819963374046
2.57145814586664,3.95911361468682,1.69421757777347,3.57469371440382,3.16830464656695,3.78338359212115,3.03399450840678
-0.2052992574682,2.24045125026302,1.79748670616062,1.54441595690987,-0.447484049919784,2.1317975680146,2.24706897692551
0.65119328158767,3.32086923191125,0.435605764233558,2.70230634576392,1.68895646892984,2.87483589455004,3.4808576439431
0.273766491036548,3.80848234278617,1.27727007064674,4.02152479702825,3.16443692950775,3.40892887173698,3.89437080597806
1.02467323481835,2.31066818371741,1.28041792210144,2.8310736821048,-0.326216519172002,2.35987633551083,1.83571282737763
0.817659446374088,1.63856280894779,-0.759261898930289,1.74292428469131,0.832376559945311,2.91816480521775,-0.386375589495546
-0.209793171228509,1.93302412862762,-0.276009237879113,3.36593922209035,0.446489870590377,1.39944842785163,3.54164723985937
0.378167772208507,5.32463840305719,1.49434542245194,3.08611744080697,1.768177235057,6.50774120162961,3.31132256137778
-0.945408831123893,0.815057090017182,0.403391694033967,2.05329857157244,-0.121529877130083,0.775075712660856,1.41608227894215
0.856923010899318,3.83121962650421,0.892257647017457,5.25168430567357,5.21743199184859,5.39056335096005,5.30902229743575
-0.461038338884354,1.38807111930742,0.246595075934702,1.56380202526658,-0.915780150628327,1.7041221846449,0.81006685061094
2.41677335378821,3.45487544526669,0.716981376684703,3.80599772972753,1.42896014025198,3.97768754250201,3.62982191985365
-1.65104889568819,-0.0312562387581062,-2.1449097611883,0.419832629545047,-1.64014384149104,-0.621696895495319,-0.194238454809382
-0.463987242966015,1.41756557790958,1.0634321693483,1.97028086829662,1.08740763210716,2.59297736000933,0.159732674712938
0.825379862759243,4.30208836108283,-1.00752956028731,4.82706531488038,4.33414846733007,6.30183910934787,2.95702643116332
0.510132546878663,2.70995275806637,-0.683829646266498,1.98295244925289,1.74671242876281,3.27138579314774,0.189488568244784
-0.589481038515,2.01574429240328,0.33422447326234,1.85620020693316,2.69306315162744,5.6906759018254,0.566960118623097
-0.996780742207522,2.04131119866624,-1.76058492049336,2.96114118645122,3.71548740902571,2.44658022622603,3.51329517131357
0.144475704710697,4.18732207665456,-0.479632560917444,4.34683514338265,4.62558226943498,7.94861044211727,4.90390265497786
-0.0143074131669134,2.764172911546,-1.18995321336593,3.74178021989451,0.697054149253444,3.18312797178991,3.65595643598002
-1.79028123726406,-0.859336342763182,-0.27447706090308,1.65121275696228,-3.63056406301509,-2.60191067348261,1.00551731264204
0.034551067133851,0.994129518240935,0.463588550205021,2.46574340455017,-0.598843230711077,-0.231811158281652,3.58913309728138
0.190230315692457,0.56272913896214,0.516999851119916,0.316277790060308,-1.56251736534912,-0.196194976333233,-0.729693929891221
0.174726396981842,-0.708765652308314,0.529827970636558,0.657645409928137,0.623595863136659,0.627889199672614,-1.1921619898056
-1.05501704260268,2.44672029371046,0.0297372250775978,2.31361678534836,2.29052619676975,4.63938765457874,-0.93289572191943
0.476133278302629,1.8871827483597,0.877423131121831,2.31517042573899,1.37108992199711,2.66222789099298,2.66193617999489
1.37857013695924,3.49782678727341,-1.2793764881946,4.36584110648053,1.39563179534568,4.50588743729619,3.45397700962119
0.456236403179813,3.54660697568776,0.0793018402300384,3.75878032685077,2.119079961652,3.71897307818727,2.62453156361375
-1.13558847037434,0.579696529120055,-0.455330422635271,1.56097593059292,-0.792218001279415,0.0189602385761645,1.71190466855952
-0.435645469691905,1.51651597558425,0.506853467801807,1.9414464375112,-1.15945293664525,1.10191606854147,1.99241048073704
0.346103619553607,2.62713907516734,-1.01443426622848,3.23601585747412,0.427063244393645,2.28201689529984,2.20408201340835
-0.647045631318269,1.70824271676301,-0.823123005475048,1.01714471317596,-0.662066854576122,1.50996881026729,1.86040266305615
-2.15764633501528,-0.500432317600325,-2.1524661582588,0.228149353672656,-0.838287145502835,-1.22320854907903,0.784296726064029
0.884250820028209,3.43821626602916,1.49936562272378,5.02332742226324,3.85766329047171,4.65439696879756,6.16316629683637
-0.829477611624518,1.88205343894285,0.864333777397075,2.9335602505577,2.39206270419769,3.02928279842546,3.58252841732627
-0.573560270768283,1.25270248746388,0.500896589975091,0.915097714459917,2.54420508870701,3.10642373939171,0.0224812268773697
1.50390060900454,1.98073957634463,-0.470453078074723,1.15796104409196,-1.01704659448765,-0.0717338620156688,0.605657192055432
-0.774144929605405,2.01401765188426,0.0648796519339512,1.45048210272969,2.36536605946639,2.91194086416037,1.28698017994084
0.845731540189296,4.10410488806644,1.57331495647556,4.4530302782098,2.83404884229562,4.60645738739046,4.78663901643393
-1.26068287881877,2.37197119033434,-0.462400458672928,3.09353879781665,2.63222640329749,2.5799748258509,3.71713811660453
-0.354542403073978,2.58900064433616,-0.743380534432959,2.24371814789419,-0.700872581767712,1.46509666326514,0.302523606890887
-0.0735560191364783,1.45802011603855,-1.12289625017959,1.65192974032805,-0.0785763880810621,1.71674608444037,-0.318040798460821
-1.16865142442436,0.533731940969967,-1.24962850777233,2.35184042820458,0.537650823431507,-0.135528776326732,1.55675902227062
-0.63474826490891,0.904516631486972,0.397474223494884,1.32608803207486,1.91999038911468,1.44117938603229,-0.118438673794838
-0.0288415529283144,1.56522888866985,-0.446081876846085,2.03725094222373,0.0315769881591844,0.765465482210955,2.77179906110807
0.67069596873393,3.24574239624053,0.562962924307053,3.62455342452705,4.16060428738708,7.34088285368842,3.3191366420427
-1.65054654342511,0.935959518795569,0.46967252395775,1.472844032648,0.272551583944231,0.341052555546693,-1.17937261026075
-0.349754239211268,-0.136163977673816,0.403457820863821,0.169658811225528,-1.33710599195857,-0.445600084540623,0.0755969676339118
0.756406438545484,0.744537521021933,1.74287600074628,1.10823498955894,-0.855096504398964,-0.335321166085238,1.90597302341645
-0.538809159977592,1.54611857828357,-1.9709843826492,1.00128256959982,0.470699833752697,1.53016929737649,-0.658490038512966
0.227291921672942,2.33177228461939,-0.167030318877322,3.10155321524125,3.97940091269111,4.93238134695156,1.4587761093741
0.492228570064431,0.0863085140162524,0.311182304524409,2.39245608232891,-1.51782219513464,-0.28332186611184,2.2907095846528
0.267835015331683,1.39782078645324,0.712506799274356,2.22273718638636,0.598119628023643,2.28758880156294,3.50935167310047
0.653257679471381,2.55016729527379,-0.842577781793279,3.59784633288549,1.95192613379321,2.12042097919263,2.42156836452355
-0.12270866097738,3.36361898639457,0.744830524958599,2.70339826554187,1.01208540239823,5.57470637168947,3.84129963763975
-0.41367651359212,-0.343809939195979,0.100551819366273,0.619024266299247,0.514618236251324,0.0557796711309244,1.99854611932075
-2.64314895202898,-1.36996343960516,-1.05776846240977,-0.0950865643172229,-3.09347916344335,-2.36058915522504,-1.77274792030034
-0.092941018479472,0.845340337998199,0.46201428236531,0.161097611499529,-1.24912477936399,1.24484735045985,1.19540671563319
0.430284696359987,2.51962383573684,0.0987839083029991,2.85262962754688,1.60537617244458,2.63668491157044,2.49889966316818
0.53539884086815,2.75915829410877,1.19324551893319,3.41064806484515,4.54879088470809,3.81969841943836,3.79264336918965
-0.555278351313252,1.23508808764901,0.370590598074864,2.54796811689311,-0.504266033196425,0.672709107834145,4.19660380109507
1.77950290977515,1.81127363987013,0.739542080719875,3.58354558868379,0.162493894076583,2.63674422752753,4.5015029369136
0.286424419628825,1.59858711883874,1.18358922915511,0.646361546409619,1.16163810762494,3.50148290361051,0.572703958555311
0.126315858458886,1.54056670011122,0.355716614175625,2.69604814909846,2.84591322945629,3.11144166810188,1.06789824492657
1.27226677946852,2.8152321391578,1.30488478917372,3.68773657024306,2.03917333103838,3.68327107977437,4.20403073888773
-0.718466221319259,3.04811220407627,-0.953410752283851,2.92365273482861,2.87167823294199,3.99141127970574,2.77749582193588
-0.450338623924712,0.962958570422234,1.35526252502356,2.27653033204419,1.78580014077823,1.57705329344535,3.80455672150258
2.39745248004976,3.9942263891785,1.1947372956749,2.38142599768325,1.41546181314233,5.69145142265685,4.05057664964444
0.011129187220888,1.3035050081498,0.85340736250392,2.12684817964563,1.40820832322308,1.95013315664138,2.47098515947836
1.63356842140831,2.06662688808273,0.716667684811462,-0.682449369733805,0.12981836475617,3.08604238300757,-0.159984360852848
-1.43850664491452,1.48514258193698,-0.998883229437861,2.35165811050136,1.09789454779109,2.41998262584716,2.15766294834775
-0.190516802042901,0.796957878712932,0.689179844258556,3.1594339701034,2.90332638257405,1.18414329816677,4.20260877375226
0.378423903636832,5.03794831253166,-1.39540469277276,6.0685508464804,5.132426022278,6.76598739911868,5.07093893131425
0.300038545205798,2.33259377399185,0.628385420396929,-0.0268537379415995,1.51689391041383,2.85695188551485,-0.161866792522563
-1.00563625951084,1.25574456847001,-0.109251756760604,2.41404804061314,0.245464579942683,2.51817986842424,1.07476080273359
0.0192592746253708,1.94886220868944,-2.68569973181183,2.01448255173562,1.18075245707532,1.91038327769458,0.752393636639123
-1.07742065311198,2.98170901755047,-0.170332998022734,3.06218825418887,2.05818142602669,3.77182176329779,2.6725592279277
0.712703325244282,3.23408977059903,-1.81206608472486,1.04772938370582,1.43041257935273,3.91337183657502,0.218548735620475
1.08477508986065,2.61682942814055,1.20219192182304,3.21682110087352,1.7626184430323,2.06604075962493,2.98185278791194
-2.22498769648741,-0.946179963800766,-1.5664075816249,-0.18904666240342,-2.5229633485361,0.0634100331771106,-1.38770751324887
1.23569346230014,1.94982700912267,-0.0770900940848225,2.73876839528474,1.91857380614232,1.17735919754652,3.36002820881906
-1.24104449680849,0.222175097215897,-0.627368551576911,0.964304367694507,2.51497091926946,1.57173933782146,0.47345615072609
0.454769268982633,3.57876384616442,1.60043667947531,2.47969713694281,1.2383386441108,3.22605013967978,4.43043949887909
0.659902638142608,2.33894053474318,-0.30537175814659,2.97045471042739,1.50472809263235,1.82464517610868,1.76831621866388
-0.199889828101433,1.08288951483903,0.45815837989806,2.35309173169846,3.05600221660647,2.16035590888155,0.457098637018896
-0.645113956859792,2.27596831239244,0.0186008899919812,2.64749710610544,0.50184026315387,2.649417047703,2.23021517810996
0.16532102124205,3.47743683601581,-1.09685811852053,4.00130737264915,1.64415870955455,2.32773336391538,4.07437736202
0.438818700714454,1.65652347650025,-1.52161266697674,1.6955558048142,3.91205051003431,3.49124855393405,0.763875085469093
0.883302819948705,2.26170971191659,-1.55093436126479,3.8679976134016,-0.629546651252953,0.225524223496065,1.28196241647244
-2.05233698390195,0.703414599602223,-0.474894280483087,1.1344179379159,0.386747101819962,0.151571498202343,0.248348030563183
-1.63637926805902,0.686052149016813,-0.852931695560811,0.900584614465824,-0.674569664080528,-0.697076764456147,0.430314869465329
1.43040234118818,3.55068834443532,2.56577287420471,4.52707462358537,2.21070803686257,3.69285851120843,6.40498279768312
1.04662884711155,4.55150160346067,1.09698953181882,5.30093330350035,4.28242350150186,5.5504830532839,6.33293822385142
0.435288948907682,2.28784460500518,1.06734036553645,3.28214686060471,1.09957561659708,2.41187275051599,4.19198444354052
0.71517840711106,2.29144045815461,1.69197278889048,2.82451498063433,1.91026379318009,2.17087439987521,3.69023471580956
0.917174917641003,3.21915439500726,-0.042131639144472,4.84829406115318,2.1644323840987,3.69918941827948,3.53301163836529
-2.66092279846568,-0.178082768512507,-0.820363471004352,-0.135298831872256,-2.76446231760338,0.0554660885429995,0.3612378744645
1.11027709663882,3.51598673884384,1.42393181856356,4.59896071013219,3.21094063356115,3.36342450452561,5.92703845217057
-0.484987596562325,1.38803877132988,1.12685788972186,3.68602097441586,0.99260779257563,-0.409209701054893,4.51036213350905
0.230616830631202,2.62801617890607,0.87795956164197,2.89422089937098,1.3164693635305,2.22777355039933,4.13252575614246
-0.295157800883577,0.200133051725246,0.273568272595544,1.72581514015307,-2.31090097443996,-1.66419812920389,1.9667682351588
0.871964954078744,2.71147562156639,-0.432241570231851,3.50773512873912,1.90319621374721,3.88910947974575,4.00261643280589
-0.348472448955611,1.20500605355183,0.555324136479888,3.03708624579665,0.583640951560826,3.31616565219152,4.35907585357178
0.518503765888248,1.22426043719307,0.759517755362411,0.998171879414375,-1.89373409922727,0.323650586150403,0.233878192152282
-0.390684978638979,1.27438280925179,0.438907764387421,2.78777415982522,1.35502005755929,0.643823926931639,4.20369177031408
-1.09278720910151,1.4977651781417,-0.122748558978496,0.339488558530266,-2.40359737145324,0.921784313082876,1.02130857864168
1.21001051044026,3.06035137237268,0.403167210510128,5.21914950605096,3.80092561280934,4.46081210318879,5.56387319999248
0.740900011274274,3.28620377154055,0.293584107203123,2.72900288078294,1.81939936207109,3.97478920982284,2.64708400551387
1.72426223915645,4.32030903447871,1.54949523285974,3.70802535864839,2.19074324679356,5.67331865731839,3.00200838994513
0.0651539325793032,2.8805871757913,0.204208473214192,3.2752961997037,2.28698604411684,4.22817448964076,1.77936016410813
1.12500274582817,2.57551302018719,-0.267607201412902,1.55254705392736,1.27978295657688,3.33845023289377,1.59294650958698
1.97541905401908,2.25217904515821,0.697550407203872,2.31363048837476,2.78665871875971,3.15044649232814,2.21695196584558
-0.281482115038967,1.49447933805647,-1.45986678169599,2.10762297710509,2.40960609034943,0.630809940446294,2.37794373879006
-1.32295111275522,2.11129454630664,-1.62850745904652,2.13793869423656,2.9473497039487,2.47176517346414,1.25642130542506
-0.239351567138116,1.68704238138144,-0.264286853704576,4.20722372831149,2.73416701857652,1.4083473930908,3.30970011176524
-0.214041239985383,0.191475356966575,-1.90515317636762,-0.652727901079836,-0.224967336096714,-1.07505887526774,0.161854733872396
0.15168050450932,2.61272762647723,-1.61270222233692,2.72352092289215,1.92556495882168,1.96628880874626,1.54074520837244
1.71230497731928,3.6516632925488,1.95871768809573,4.73501159337745,3.15775035994397,5.31960549877578,4.37053739815465
-0.326143892505348,1.33848153080354,-0.739690870464114,1.10077226709894,-0.315216885299676,0.305630849928339,1.36637796971863
0.373004655804915,2.47176522749993,-1.66518940164903,2.59128453744397,-0.216135750129058,2.56179024623822,3.16930048696459
-0.227684064895531,3.18724041762891,-0.226705271876741,5.17435318911337,2.65882541110896,4.80725355037997,3.58936214651855
0.0204507085250325,3.31555666057687,1.33129462148403,1.45354406475342,1.14778519613879,4.30792748584363,1.5674905514423
0.314057663506262,1.79494923725955,0.819283128687772,1.45286660092361,0.0294604687922282,2.80628631816585,1.28995961201823
1.32821469603699,3.07323661868764,1.10549054637213,1.9528570705033,3.41007099312669,4.01926330053998,2.23256235057834
0.121318377490778,0.642965557058381,1.24440510102523,2.07959727423079,0.497537143656639,0.62268333129702,2.70057792642934
0.712842320031113,1.84252053005615,-0.415080281085337,1.42363584807872,-0.301617955980514,0.011307058107823,1.84530877555251
0.778860029783535,4.63132842129201,1.1191192062438,4.70973549787122,3.37084737577129,4.94875559065389,5.7334745654733
0.914773270855634,4.22982830219546,-0.129698980351043,3.31507342933025,3.19894891599584,3.69748599256709,2.20204432397578
-0.574394552184383,1.31122963296936,-0.286433089729678,1.76533518342007,1.13147308784141,1.19539127369499,1.46026808995871
1.62688121419468,2.60903982605297,3.02790592643746,3.68254275761372,2.31087388233326,5.18495486438051,5.31305689608812
-0.380956739294013,0.328611311396388,0.778956026062254,1.367031671606,-2.2741794637889,0.532558976939554,0.947433431860023
-0.105784167649752,4.04142451964389,0.715115629892339,1.88829170978437,0.866350963373968,4.13056314581932,2.44182761983951
1.40405026771417,3.23786993900981,-0.406302777961074,2.73062148984564,2.1887971484052,4.77413636746725,4.03922232380169
1.29408390614558,2.44131821554935,-0.139193966921923,3.42251784856118,2.0760852949827,3.42095478713391,1.68207779606967
-1.08999187241124,2.20607384002226,1.73912054405598,4.40440000765441,3.36488895251248,2.56693853892094,5.38381739132489
-0.873071000417464,0.201957366807115,-1.52983626418204,0.0265440117899326,-0.348436907801687,0.0147175896438234,-0.660271687800894
-1.35807905937061,1.64010095010996,-0.464560154400234,1.91944962898744,1.35486089144458,1.82263555690147,0.54049722813453
0.181847192619832,3.58634805633446,0.983494655946989,3.42885375957924,3.37845301265987,4.23219764202606,3.74267913406967
0.164840867918466,1.92170253471311,1.10117840630149,1.612625286937,1.10870579085347,2.92557328630464,1.84236675710723
0.364114687355063,3.74257269376742,1.27116935459677,2.23716806258143,1.36831359717599,4.61874390876778,1.49815584302183
0.552157714218558,3.0832776027841,0.112949867224064,4.99709092229293,1.44511790856773,3.07255647764293,4.56243756085309
-0.601892845985016,0.839678104332028,-1.12193312011251,3.06610913244964,-0.332206761146998,1.84198521913633,2.89517280203123
-0.993698591098714,1.77935386346849,-0.804106528537997,0.83876098782013,-1.17897709712851,1.43682068785056,0.235714453564153
1.0267850560749,2.116913518571,-0.388705480502011,0.597867330871842,-0.0281250843835979,3.84953670447391,2.18009195280811
0.751061302606323,2.06686498485512,1.00259939441815,2.16943926179131,1.41004402224386,1.50006035493778,3.9163485232825
-1.5091665373287,1.5670513767547,0.365771759761756,2.52736376891954,0.1206596498101,2.62844675485118,1.66967363074093
-0.0951474508492868,1.44826064398177,2.07963982706888,1.88499578273253,1.98197975155887,2.99570939345893,3.90676296221572
-0.895947822756499,1.25881436290795,-0.0818595284465304,3.01043464944937,3.88816667823446,2.73276058786734,3.93811584983699
-2.07075107054196,1.3624072398508,-1.91015691246467,1.70715657488441,0.227755767052412,1.52272784512043,0.12497112264558
0.150120131188143,0.914515709351958,1.0995349285873,0.47461318075571,0.0321476796443192,1.78961899415657,2.43585601386318
-0.0792117092585883,3.53192450006516,0.865153039066016,4.99222944299602,2.59680710078863,2.10066790022307,6.50482561785167
-0.097369267513081,3.96406004598254,-0.286933329659367,3.54081528837514,3.16840186405561,5.20110803921928,3.69814353599038
0.216152541801233,2.7874032834843,-1.4497786329717,2.66720871140008,0.977687621308621,3.23559706582326,2.71270074934864
0.882465164396587,3.12790330565409,1.20254247759221,2.92637402983687,1.07035904014057,4.35330862256735,2.10213852161894
0.205597504483387,1.66805633589348,1.23194314788332,2.22364373888365,1.02666099721274,2.11042667676056,4.35817476208117
-0.616435842873528,1.99781273852721,-0.603325752142698,0.0798070273022567,0.812094916067458,3.69217218484943,-0.763167167781248
-0.734799251921281,0.910178428859462,0.168843192397385,2.3204220322194,0.641432093059823,0.921563358973299,1.79535848662648
-0.131802793041181,2.18272758381867,-0.341791871271101,3.24914120738468,2.26856377201907,3.35301261927848,3.29908111342679
0.310016986578952,1.56138758102203,0.837323738426989,2.72221649752629,2.17531875444214,1.76770901560722,2.88806616082847
-1.03968035270204,1.95665950386887,-0.63713089106587,1.95853603253167,1.99003203492085,3.00375397659385,3.19091415455318
-0.184308868842384,2.54392174588978,-0.436830298341254,2.88005364900371,2.0932913881706,1.82144000169844,1.68244945912559
0.967267260167914,4.01681281618566,0.595254128281167,2.37685629968547,3.03877823854828,5.42674489346195,1.83951533294069
-0.108280091234486,3.89558563944158,-0.337545360599539,4.08669030187957,3.61299317820837,4.28511231109801,3.80626831974748
-0.69842066759439,0.794821631305342,-0.94022749825148,0.73931978485895,-0.216358262341543,1.34860097769745,0.852883885380853
-0.27594516842554,2.74543315748692,-0.453909515455168,4.23869613509946,1.56949267796525,2.41920124020675,6.56216345306211
1.11464854536198,1.46445138919437,0.549172120355455,1.09929240444526,0.783858210520644,2.29898257915909,-0.0909946687426605
0.550043961214136,1.98255141032329,0.482517121325542,0.328700604290837,1.21069877592252,5.37058701971927,1.60558608056251
1.23667580008161,3.93480732467375,2.15076152166664,3.9270243112346,2.72989638630191,6.26228929609437,5.28420576373631
0.139097857161771,1.37288913536036,-1.2884489023726,0.330466262106398,0.385186108468866,2.62784575733721,0.884773938048979
0.410275096490425,2.67386077707024,0.00551849769227014,1.94385592483987,-0.264717987464908,2.58961796410263,0.482631570490073
-0.558456912348133,0.652789776226222,0.35229467160676,2.26098513350087,0.438903047201219,1.10820819773844,2.5396976979214
0.605370668930333,2.11394583102921,2.06470623790803,4.35209383035975,2.53098274737769,2.37839666628896,4.2469766480256
-0.506333542189239,1.55413623979855,0.172847591520875,1.82521727784414,-1.40698018677342,-0.120165407048653,-0.0413119799263503
-1.42056550469574,0.25122882983736,-0.724036168823272,2.14751147856673,-0.266973478483049,0.061306698707458,0.740930410617379
0.127992965684126,0.156542282730933,-0.243560426754296,-0.26778426378031,-2.69852995713101,-0.128687306990145,-1.38241277323921
1.94585121773144,3.79977730371272,1.38723377297401,5.39034542688277,4.23404082288091,4.47010244858298,7.04391919550924
0.800914339573062,3.11563156706298,1.38951508998292,3.17585491548895,1.51963250439131,3.20675088676853,2.70633861138063
1.16525338994626,3.06891728601815,0.398768384427078,2.36836185679321,3.84174499108897,4.3345297029849,3.18900883541077
0.358855723093152,1.79833685278621,0.343189268393134,2.65637971836598,2.28467423340382,4.07658480304632,3.1339426314012
-0.608557178316224,2.41335791460746,-0.0873422450137282,1.88010160351808,3.85490221817641,4.0516866488728,0.862438197214217
-0.202240855110284,2.91574297597319,0.628157206654514,3.09134311342988,2.75773567136173,4.15907675033629,3.57164365886423
-0.273248106811925,-0.592269341499458,0.974756353618726,0.687183502672193,-1.37690229673766,-0.655654122215813,1.56474116808657
-0.468699779782087,2.74961501370344,0.0448109270485876,4.09385405565564,3.26538345012374,3.37527039671876,2.54986360188267
0.704167283929716,0.783786079990261,0.275912970417678,0.982059162096142,1.08340658931379,2.0980658778015,1.71933908874272
-1.19736350236541,0.697558835672243,0.79598138102587,1.11295089664701,0.0495969969020083,2.11871950220434,1.31460885154281
0.866366132112773,1.58391979193094,0.597717183661971,2.23273739334777,1.15732537821194,1.30875689321946,2.00912058806718
0.864152486225893,2.06121620605762,2.00992822190643,3.34022582197366,2.68689913243553,3.42326279677236,2.92485300188177
-1.19862235906875,2.35798588146924,-0.661233837153924,4.54618711020188,1.72465777038555,1.6464732726888,3.65301382102461
0.639491997900534,3.0461069866045,0.933668963143953,4.7144613462936,1.53547669045098,2.46266977914665,3.53163124126846
2.43022665234451,4.43807940761749,-0.330975268072985,5.06691093911542,4.62273385552244,6.9214786239353,4.40384026190876
-0.557215481941608,-0.5237648168981,-0.390999702308212,-1.26971234893313,-0.856998002837507,-0.591578511775931,-1.43189436300135
0.844904241408072,2.87224873586802,0.40065758074315,3.95789886898285,3.40034549541852,3.4804805824749,3.47708206732806
-0.782201845619403,2.00304167737837,-1.14944634022625,3.15554954633787,2.27415992776973,3.38267303253801,3.49391666104956
1.1107114182028,3.74951627795586,-0.480537175320898,2.92686426754727,1.65284219306982,4.30276294740118,1.82285518829004
0.249824719926562,1.22661242546602,1.07307166251509,1.29369848679196,0.517084747515055,0.625270523076706,1.46123250011727
1.65191539162316,4.25907536532919,1.7401164297393,2.61220241078845,3.08310273436796,5.24924776338123,3.910876717563
-1.45897072853692,-0.5623823611248,-2.02821735911492,0.59378537243303,-1.11458805811871,-2.38349216937951,1.04409489039851
-0.0512978861253612,3.69770470997604,0.398729851871661,3.67902331266154,0.881148672850333,3.96477954843127,3.36637416724975
-0.526925176125598,0.779825568855987,-1.37600790801788,-0.207672562445387,-1.33903160923397,0.779050521692967,-0.672054794671277
-0.197264869076299,2.60721249150831,-1.14970566071971,1.24371111108078,0.91742515767066,1.68609230501438,1.75859215204382
-0.629578742686005,1.81424835098663,0.210623076923353,2.44445892310802,-0.20247989182385,2.36186235712162,2.60409782243319
-0.833843580535001,0.269324617959114,-1.10294579036055,0.161643294203654,1.55145802119825,-0.409543561092938,0.0361276029445093
0.57872237461645,3.60723655576176,1.28284116943044,3.22584926666375,2.38161456167707,5.44276140014884,3.15636251741347
-1.08758071407693,1.16331227136585,-0.505266757963118,2.82203527606672,0.962780906947112,1.11493268916602,2.43754429921344
1.48403093155628,4.00563252009287,1.27816444156387,3.37803156278166,0.514890462305972,3.71575874746328,3.55873490000983
-1.18620658531375,1.26922681757121,-1.11672999054304,2.01552308712679,2.86708532255529,1.76229491882271,1.94329091337886
0.10107915139528,2.94936057352614,-1.10068175924595,3.68032342605145,2.92152146160204,3.48601500417385,2.72669712911863
0.532989286826481,2.44807195035926,1.181246884416,1.58899265423035,0.749593231072962,2.97800422266335,1.59540330465522
0.586735339092625,3.58461692096711,0.531439161109027,4.75190886662216,3.39690140429208,4.51699504950671,4.41431397084161
-0.30174666386638,1.40642180399577,-0.389941091387897,2.90151062007675,-0.063812879633141,1.29368516465899,1.99616322043903
0.079501995328401,2.59088991451152,0.108986324209937,4.08658823315252,0.176014170164938,2.78247702361986,5.26963008807039
0.961264151809677,3.14758284369168,1.80654041850408,2.77710688768402,1.39873520202428,4.42510323078493,2.16220839306756
-1.45646591707643,1.67868704343724,-1.42639959315829,0.710761340804713,0.486505994953005,3.64116146842172,1.28173005165023
-0.781739711532082,0.753565735817468,-1.14027830022922,2.03865896485311,0.14009365146983,-1.02141489051537,1.36823595864519
0.32040231431661,2.43401334932115,-0.459413895549049,3.32234159630906,2.13399263114222,2.78513560667088,0.785784820734395
-0.444781978336992,1.06400933819856,-1.80738225737836,4.28517516059543,1.26906034660446,2.25649351076707,2.58882864253461
1.370003993971,4.00464102091024,1.50463013448924,5.52274164068712,2.57637900652577,3.62635729299161,6.72830120516177
0.673253863354836,1.90191671120879,0.528996578421664,1.86645893333249,2.70167120215359,3.44911342800721,0.598491895621105
0.0721667524147558,3.78997209830855,0.243255350425307,2.64620317862303,1.29090116071072,4.16873910267299,2.61139946250645
-1.50775731753668,1.58416574800977,-0.797226013116027,2.72990498705074,1.98362541022844,2.60875101902907,0.910051862588418
0.0261002253262418,2.00717220140715,-0.497110328760989,4.3982630335284,1.71453695020635,3.88237241979033,3.84063970448655
-0.316415868196993,2.95306378064823,-0.98162654787472,1.88401068094547,2.94720902239514,4.4422533701342,2.32668035504242
-0.102346513520598,1.83353184904527,0.800683146532374,1.5029706857452,2.75656341386512,3.41455324191973,1.46770885723791
-1.18155922705569,1.61801489999149,-2.016964286448,3.88030541789646,-0.433010078172709,-0.266209178400018,3.64248758040358
0.498658043829925,2.92712083507904,0.689627963880374,4.88617156672231,2.26619047672709,2.23918219844005,5.40236039102384
-1.03895644030703,1.5918732801647,-1.3120898709112,2.30886771056177,-1.01786781993684,2.49171459408693,2.76258926090539
-0.22622198144241,1.22225818513696,0.169199223824262,0.235350445357431,-0.271992118417991,0.5559290239722,1.61217972011584
0.381425829451352,1.05429638595989,-0.549977607464477,1.19543694274868,0.100999298976617,0.713281167650909,1.8563126627966
-0.783515789013048,-0.308413340984268,-0.915099577190554,1.95152950178603,0.619567972059239,1.01412623746354,1.78081325610099
0.582991405680064,2.01009676554278,2.06086161986704,4.56080131075726,3.10174067224654,2.52861024237437,4.99135401342451
-1.31651040165169,1.62958487088111,0.0100274181076663,2.12483286944425,-0.115620729508804,2.00081972354051,2.05399936212805
-2.80977467896054,-0.486857226671253,-3.54978436375593,0.0277548073661183,-0.0901865334396975,-0.8298143040211,-1.031619830787
0.464967990785853,1.16862345916074,0.358896411493243,2.12332373766204,-1.44100821126303,-0.195547367723536,1.15407374205334
0.840539826961,4.82890946351888,-0.031543022776725,4.5251152283553,1.0710404437117,3.91411739119429,3.46568884597397
-0.285845423591384,2.4733330841755,-1.27954889957336,1.82199785273232,3.40265170148657,2.75023345718023,0.629946688517688
0.504126254591608,4.34991910393892,0.461849017726998,4.63682754647643,4.55227155144453,5.5746417196628,3.83370560129992
-1.15591652508367,2.28830313365435,-0.447992746522473,3.99225650134928,1.81736324338999,1.42701897923224,3.1323039704427
-0.127148606825662,1.28690199617496,-0.392080875980915,1.91395182460792,0.0473038829749255,-0.263497701746666,1.51022172312174
-1.94151837604062,0.0348640959207196,1.00194437931714,1.6501550677044,0.0767424963385928,1.31734605202397,1.09111862660957
1.18118089143852,1.50426373488111,-1.6580996210973,2.30506964761411,2.08746760497093,2.3121148329765,-0.823002163773303
1.85991086154316,4.22840214234421,1.76817481805007,4.4214475934518,5.09610844770079,5.55617744250272,6.70409598180104
1.07401226028199,4.48286906045293,0.247982859678422,3.92438525190719,2.39355014559372,6.29653937031838,2.81466646850075
-0.0273469664137418,1.05763754879641,0.642839927372512,2.9382223420711,-0.167214481045328,1.82390862897901,3.9235972503272
-0.0333303422759193,0.771138079360088,-0.470662871776642,1.77159978899397,-1.26919884838369,-0.130136986368948,0.788526986598328
-1.5160676231511,1.6698239698436,-1.35189837402065,1.66603532693978,1.97800852397697,3.25394381939688,1.4583880908766
0.790385343888228,1.11582923950985,-1.31518699445051,2.41153759814396,-2.5837012891223,0.0616350340049415,1.50746156142679
-0.210734180691776,3.75302421321512,-0.314815518618626,4.58441447503151,2.63291930305272,4.02504073513786,4.60142162518377
-0.656742925361075,2.04674143751739,2.15037433867655,2.35823614312051,-0.0695687575968834,2.78968534625491,1.13359989018259
-1.41202579265831,-0.844515687965204,0.283689311800215,-2.26932539239658,-2.46544153203628,-0.73242035640708,-1.69123991363878
-0.299762496646272,2.1151088984154,1.52569090750369,4.1167406154781,0.504511418528077,3.12746617881333,4.16603352051623
-0.849061135016708,1.42593295779763,0.490434750805687,1.24752252182196,2.09733578696083,2.58771162874635,2.70627875913378
-0.397030520327837,-0.786037949446942,0.945747447797937,0.100629527763365,-2.29759696532493,-1.75291787007232,0.13754434965152
-1.2175999877636,0.984061979465169,0.294076420617309,3.30747412542059,-0.26639477182469,-0.106551912424619,2.70629661107773
1.6875894829457,2.76281081848952,1.31918717323795,1.03592768444051,2.09145743531584,2.14763989323543,-0.378943139198226
-0.0160025272079689,1.09990098547637,-0.590530037600993,0.663386329402356,-0.529180406483581,1.89436431961078,0.525069812703459
1.07494507727239,3.09867288156859,0.00453780131271753,2.41962030834662,0.132717396771974,3.25565318148134,2.79837937220437
-2.60169967025765,0.769530566087685,-2.90168983150411,0.225790026133487,-0.749818458607046,1.33634880793326,-1.19205861347793
-0.453197829994837,3.36445056921818,-0.232416628877411,4.45840372241748,2.8169925705419,5.22032229380334,3.33628478802502
-0.675482291592071,-1.17289347936907,0.561614530060677,1.44347069808514,-1.46412586743716,-2.07920615211882,1.88410151731145
-1.22292617936591,1.76527038431723,0.420459466843117,2.73656540012259,1.33100179248137,3.04302340851222,1.43474990354668
1.5466091542241,2.28493621204398,0.868437281567466,2.16004952270394,-0.504959705271452,2.09703093852453,2.60614387323188
-1.41528191976949,2.02410462956492,-1.25526857710666,1.9931932650833,1.24142159283723,3.0457394403778,2.30415390274671
0.318390260408025,2.60057388248426,3.44971257352254,2.25232864553165,2.16510312989396,3.15476325708503,3.24257380554942
0.846436285579692,4.12210620052418,1.15990367404027,3.3607679740851,1.12246309116112,4.09608799264148,3.10036112258325
0.178190188418023,0.659790844977761,1.50967039908815,1.94467918535441,1.62813854121634,1.73959938570345,2.00493248731607
-0.875255477495516,1.79442691563243,-0.775308379415082,3.16536220633545,2.38268876203668,2.87591669742614,3.02462630199869
0.941165806724167,3.04809198341397,0.432625276307489,2.67708670137102,2.97706910684086,2.78910412777381,1.30947963754374
0.170588081840838,3.1843327113921,0.533901138627145,3.54802329694132,2.05188870368167,3.85890105841555,2.56443017524396
-1.06349790638204,0.918033166259366,1.14477335875727,-0.743169534513317,1.37408031257564,3.62403786993946,-1.70416087547556
-1.38804904760206,2.03357760784709,-1.00549906925716,2.49934129865055,-0.110331979005688,1.6884303388106,1.58028463295288
2.08671743449315,3.22441307211864,1.89697438402964,2.37864729410815,1.67853963003962,3.70258282404855,2.8617701899147
-0.678503145418437,1.02796007977214,-2.43406620702945,2.81810523564358,0.373426595105957,2.63644516557107,1.64876219666148
-1.85557165391804,0.540921978321352,-1.43504026104065,2.56446979245862,0.566065568501438,-0.464591352800437,1.56609292493113
0.533259362753652,1.35735531782063,-1.02537939538649,-0.246346658629521,-0.116619971260385,4.00924001789575,-2.46113464209332
0.310230256060896,1.79161256401443,1.26847784538755,3.17644631328217,1.45720136878178,1.48263293205958,2.08914908369423
-1.3538343357226,2.02693635990434,-0.841370256141556,1.85312705821519,0.0188273123638169,1.91089143556303,1.03534641316189
-1.94295641358195,2.09746357344017,-1.36185228879772,2.30428347973031,0.130385660163618,2.47840253200778,1.80492026615499
-0.116302517158606,3.02121266590147,1.31094858761927,4.01334969314647,4.4850015520738,4.7001316208564,4.32435890317667
1.13939629170942,2.48665185817896,1.68597100409474,3.42982361974825,3.8676203438392,6.21952504635812,2.71251483794898
0.636124035182148,2.82737911368534,-0.579959185876423,2.16014213423706,2.30705475323908,3.87616957160448,2.73382174778054
-0.492937424161977,1.70413970961516,0.181397775528658,2.51296455370683,1.54714895866834,2.66458387074275,2.3795903084991
-0.834188231584378,0.0736219417967001,-1.64553868430444,0.584460128041832,-0.94319255312221,-1.2851823441371,-0.481430919383247
0.271066756750545,2.47426161654115,-0.340081645835906,3.98383846762529,3.53628332721562,3.11035567868664,3.71808548674294
0.157353347216158,1.30158935010112,1.69525431075503,0.339639959540789,-1.31480687731751,-0.797875418949578,1.83656722712352
0.629711746692728,1.44314517840704,1.76498382467681,2.82995607696734,1.95399860020444,1.47350097075772,3.8550089639241
-0.395797950288896,2.40886710113479,0.911119780322389,4.07730305899068,0.487047798137575,4.35206561535267,3.63806530358535
0.8993540532031,2.01155135545614,-0.121226859728774,-0.201439060366483,0.899158854369636,2.2157915768552,-1.41085492135207
-0.830811527336248,1.19130202762139,-2.29683723394368,2.48165801629548,0.990497482483879,1.37191979971889,2.17769129241973
-0.330544700119963,0.761848663022595,-1.34097053408414,1.17031448204436,0.103939731708431,0.953263036990585,-0.528250452216626
0.740814523725905,2.64859604483386,1.32296378649047,2.96423898240175,1.84912259058356,3.05458576416712,2.51055274846964
0.989971608627113,3.28432384005218,0.204417918148469,3.02895254047668,1.875803285605,4.04123819030859,3.95323506760957
-1.93850470145338,0.951741493504206,-3.13186049629467,2.35831635238666,-1.1370673382731,-0.369143626807312,0.342579479261404
0.107190407016153,1.01049434838353,-0.126592284208386,2.63562634934047,1.32536852320933,0.731721786169969,2.06564225920146
0.60877901173463,3.74506545941428,1.71462872699189,4.21467592292969,2.5692405435039,4.15249090328931,4.95213532033395
-1.45082431349063,2.33231226225188,-0.0819435162257816,2.5263258147538,2.96050740358735,3.36854808272917,3.57608564000427
0.480625599875217,2.75741090631092,-0.580945743591814,2.50605850554876,1.47464059095968,3.51626972394406,1.03893028251248
-0.828174270396797,1.49494013156691,-1.96000378726342,1.90614434007803,-0.820436470300341,1.03533568562563,1.67471151759481
1.02025301216443,2.89354531305262,-0.316420719554574,2.79819056782503,3.8787802384649,4.32126822057185,2.36315816213441
0.538482032102641,2.68833157162186,0.303768687372843,3.08689403836851,2.49912806973595,4.45258330705156,4.32080079970086
0.769052294995609,2.99166542471912,1.27259984840986,2.26957030875966,2.28450032893757,2.31058083895524,3.51225213685051
0.120719329287034,2.2333990823778,-1.87958049014674,3.14795994134296,0.430838508399803,2.8640900095083,2.03492014530609
0.863648434157753,3.34474191824094,1.455025972353,2.34302067689837,2.01962295861453,3.26466453582962,1.93598875651161
1.38051452831454,2.7686430802741,0.695714990745291,1.45376865006462,0.748964439908232,2.71422316509884,0.288388351608453
1.96624801545563,4.70234334086668,1.55290297733365,4.54941782169417,5.95648278260268,6.06267563376833,3.70568922377932
-0.028395054749065,1.93960114443012,-1.6674530906094,2.7730108051599,3.04121593648107,3.16937116895028,1.38647313177704
-2.2490510903324,-1.55493488880209,-1.79117992528838,0.93696515075116,-1.05008456826509,-1.48576492982583,-1.08076939444593
0.0315260045939917,1.92550043429179,-0.432471186968528,3.07392637192515,0.480720903344409,1.77575619074714,2.45009693450458
0.205561208449975,2.61146941941385,1.14667195253402,3.04781596973605,3.45593076820619,4.26347531259845,2.6659610576806
-0.155345347144399,3.10575539511818,0.950501373823217,3.86562838837879,3.73666303681758,4.7587961059883,5.83733171120578
0.568288620777074,2.51484132923677,0.719234769636874,1.7798911950946,-0.695722487884695,2.02842701951412,2.98934232332304
1.01067796451426,0.86847316994041,2.10955116388102,0.467321515096816,1.14136945546062,1.35533632949,1.77268933548881
-0.517982430167822,1.5904458217911,-0.774402414829277,0.897824078458947,0.575675258146013,0.74887021579618,-0.0602116510716234
-0.29409532715611,0.565511816307638,0.865489530195869,1.44058680773867,0.531814416171725,2.14534771863969,3.65957789188505
0.397842208800339,1.34216806339052,0.162981074609451,2.6009880190543,3.22067461691224,1.88066125409674,2.1274068103732
-0.550223741489138,0.534193955573721,-0.942453966920978,2.28032801604425,1.66184771903992,1.70816806787547,1.6384499079751
0.0912673834882354,1.27378698227803,0.969013730074955,3.37535234064477,0.64868876826379,1.91668818023973,1.49519722011823
-1.9617075988853,1.56776301144845,0.400246531406849,2.42663469558875,1.72295834872455,1.77304522703939,3.4386360943315
-1.11989972139762,0.272551323338057,0.318300555486037,1.06259447699246,0.374606850553902,1.07755013016157,1.02888344478841
-1.32775547560413,0.498732845563734,-1.17328119322433,0.687836048905051,-1.27149777902282,-0.504838332081045,-0.865786332766144
-0.853623696727242,1.50127450401846,-0.89659948251872,2.30496037245965,-3.34935303559884,0.368846978424462,1.70809587671766
-0.693304527930666,2.33573600323466,1.03102358284067,2.57065992746111,0.642642935808053,2.1717295655468,3.80327626046825
0.38230514254637,1.63913910396211,0.543978977690933,1.82226805611128,0.909321033656924,2.23058487579601,1.93929351352111
0.982113002522641,1.95946653814812,1.32063048058244,1.69460351142112,1.39437912413979,1.93767177527251,2.35679561596545
-0.727383529087535,0.899477454516131,-0.702393748208074,0.623769320132596,-0.09168473160585,0.614254203523894,1.34022836956636
-0.996838982378005,0.0308101148642194,0.762615445275649,0.0386200823781086,-0.186974016484926,0.95782364188285,-0.577123393564696
-1.04168885898951,2.0866822622782,-1.32959957445695,3.92950794543266,2.89315850241306,2.00182600085534,2.75543524329241
-0.414588726363674,-0.513629115189884,0.418057157684794,0.891077452660598,-0.570706977926276,0.358101933578819,1.65950165140797
-0.239029068152564,1.28108466812305,-0.936689499644394,1.46668751105284,-1.15705531104553,0.764365684020291,-0.449788389637169
0.483617533838269,0.94575400497674,-2.22076624966663,0.0828367239239382,-0.95162346466786,0.878421443295341,0.383507517237231
-0.32132484216839,-0.213844657924488,-1.50361993176387,1.0431724763635,-1.52107333203773,-1.08292693428793,-0.740460927528297
-2.07848926886002,0.365866781991243,-0.90294943521985,0.758806692213437,-1.33933852681237,0.0128408167866564,0.590471972596073
-0.0914342755501383,3.46508824088267,0.837205611850758,3.33967021727571,-0.0648705691505314,2.99640902071779,3.51788949074182
1.18718681065156,4.58438980332107,-1.15770867776904,4.00192410703496,4.36498793734498,5.94825473631796,2.54435195522395
1.19160126851033,2.3905048064555,-0.655623834664363,3.44940875322135,3.25690641410187,4.05092006658185,3.05857961984548
-0.78896321811123,0.671873716992772,1.37006438751987,1.4016763428421,-0.661890220486196,1.08960715456606,1.61729510213417
-1.54777654363757,0.223552461618356,-1.20778762164205,0.978485306102141,0.918087872702755,1.98053079860317,1.29146623352959
2.45806049186527,4.67655862527607,1.73473037786324,6.64642951622445,3.0613190896482,3.97177034558148,5.33043414897766
-0.162421942479419,-0.691634516963556,-0.60814629261703,1.60306003570286,-1.76337685065147,-1.58151349430202,2.49718735387295
-0.0974512501056172,2.1697394743378,-0.347308510204314,2.64883586333833,2.27576856270179,3.12833177189654,1.99220000640061
0.420574188698147,1.93091896995096,0.297531300954311,1.62044528233771,1.67453772117322,2.95048205233374,0.835632268169861
-1.61403945661912,-0.0351700621463994,-0.796057885510554,2.1545106400506,-0.766411890438681,0.284792644473561,0.557687179171581
-0.728219111191287,-0.588695320273154,-0.556669766637709,-0.344736280383975,-1.21176435184754,1.03925060778738,0.546985080237308
-1.54044240529001,0.56181965798504,-1.24001768778874,1.34520958736188,1.35661979096702,2.34957315602542,-0.82389411811419
-0.693094614010595,-0.203532463664343,-3.39440819680402,1.71011302395594,-2.50816208516991,-1.70354331779911,0.319303620471882
0.118849433004561,2.07977167321131,1.92808021683598,2.04452805592199,0.156064244621811,2.07832175498565,2.01513765220406
-1.36470945798691,0.0133307560970508,1.10806947924958,0.642121705359237,-0.27507340634763,-1.41803646335616,0.252624128296804
0.589982679367313,2.51830586767742,-0.806090402035576,3.20312324877727,1.31595701920903,1.99119306890653,2.39962616442686
0.289344028817336,2.69247930243765,-0.0234355077013,3.02420664433721,1.55101206844645,3.47923155707238,2.77119246265563
-0.904215025620639,0.772889212305545,0.923167791902174,1.29176983660502,-1.02303551399724,1.2788748287338,1.16283457724543
0.226324942381064,1.15866149768885,1.11145249424273,1.60168901344035,0.56378237774933,0.609942102291043,1.13842635271405
0.748081162493843,1.98672270096476,1.65064219999269,2.64160511647846,0.850086934977343,2.68566768602546,3.76675078588037
1.06109525326174,2.1814826993949,-0.541199291528925,2.99376655699035,1.12897783500175,1.88994381109767,3.13902879459788
-0.212848278646528,0.336445548027308,2.4708439568747,2.52977369957216,1.34094550873626,0.653148526516538,4.91395327318425
-0.0936367939110456,1.14447235096497,-1.18027835672585,1.38189836633509,0.0869611679955916,1.48651207668011,-0.217149222869708
-0.0867141349819251,1.73722355715731,0.710559274392325,3.53271594129367,2.17135744983496,1.80065568789236,2.45554353670103
1.44146175605504,2.93233609504464,0.862006858473211,1.58741890968837,-0.134642860136573,2.55871085107818,0.958274013471308
1.12507189227799,3.22959925370969,0.158825628176966,2.61563290770334,0.067899000386954,3.41019404435909,1.27023514557463
0.834401567757039,3.95939697732917,0.0377849856975004,2.41867603462696,3.19830632628414,5.24242257691785,4.17605436261205
-0.287340799840693,2.10379839179131,-1.13506721245135,2.78210043599761,2.24323425154075,2.03037622627251,-0.459679387161279
0.373241434166406,3.77438012207518,1.80928051284001,4.06292746617606,2.21477885134166,4.20374835488264,2.96854257963605
0.403290331220696,1.67470630025625,0.291158393373099,0.806268991593984,-0.449321169589148,0.939886878349067,0.0827714811749848
-1.04167329428932,2.51732977456887,-0.261618697930284,2.809995314355,2.3211170546235,2.58668093265985,2.18471414061669
-1.72830451532074,1.21076529556101,-0.654519424599337,0.933669432682888,-0.317673184461294,1.428061710872,0.430549708914395
0.641830027651616,1.32175513688726,-0.0542557392350584,2.4190714509153,-0.880301691468604,0.856997318803288,3.17027349509611
-1.52931053118042,1.17872258754089,-1.89867651034526,0.27019197186668,-1.12565440366932,1.03175476572054,0.764494864956583
0.00168368848420991,0.76365411021789,0.254568153926066,2.3992751929754,-0.563796589158156,-0.184309188083018,1.21963386515
0.250247821348331,3.14742893277038,-1.96851553928476,3.15879232057089,1.11446887095393,4.52607947656491,2.28060333244197
0.563867390305884,1.91134776721712,-1.13663324768267,1.30200074331052,2.90138876590142,4.50339249857057,-0.970856640410368
0.189426237514811,1.91543080297523,-0.981683576180975,2.25787945006981,1.37532998015028,1.87328673465024,2.53093865576958
-0.732853806297125,0.734180466019068,-1.44510576582092,1.2482593010743,1.0257181620967,1.34768284651248,-0.32889610113157
0.986365859895462,1.93691439555207,0.600371746514811,1.99137870278727,3.48671161797165,3.90626472173118,2.47723355018643
1.73863376690625,5.09304672272178,2.46780443177787,3.06778361433933,4.3441280519445,5.72721190479352,2.75316316233034
0.881178808925443,3.69674757004313,-1.07473473960225,3.00251314306118,3.77691209628546,4.04693209996666,2.28926081502801
-1.94365090132398,1.12029235596827,-0.538149430065376,1.61087702635578,0.327985197111964,1.9916259699324,1.22710497101199
1.39957618540294,3.19328090732629,1.59933284602251,1.75204442784627,2.4138362727359,2.87959128950855,1.14380448481006
-0.056055946186268,2.69148905760279,-1.01756017538201,3.1864037255047,0.439798110359226,3.05665036603372,2.84035198822384
0.52491427931929,3.08164420037138,0.209657738137166,4.53026732631895,2.85945621949654,3.14480796518453,7.4370119879108
0.62203323587106,4.10114718707813,1.13462752055759,4.65289023130061,4.42593088879544,3.9535396006771,4.66180951713726
-0.0966860732067051,2.77269091964708,-0.303852139150741,2.14235068622782,3.9488802146031,3.74792506226355,1.39035535822923
-0.0752631976487263,1.7336004354235,-0.258315946075576,1.5566540876612,0.922856165665692,1.94150662933276,0.782475472732194
1.0191570693309,2.60043271220482,0.817305325876068,2.35461064406306,3.64492153607486,5.29004504705889,2.08557023862065
0.711601922486244,2.10120897365287,0.295787707909851,3.07673969694391,-1.34853736290739,-0.321567126650636,3.05618754837684
0.990262246044231,2.42847123601955,-0.0605217669171023,2.6604103279623,0.400031528473935,3.55944741272621,1.4984085069176
2.38292669523033,3.66965741668874,1.05284832815427,2.62370368888988,1.92413056689211,3.58226719294588,4.30411039498566
0.664415863694087,3.75441344055354,2.21504772423351,2.11610479780301,2.45917241738435,4.21906695908616,3.39289776117025
0.207381157385307,-0.162454706789844,0.977359258298682,1.44557886822571,-1.469025331307,-1.28374663202381,2.61537732387765
-2.21063311057562,-0.470352316870838,-2.01991362811543,-0.373210072184464,-1.90596623866433,0.0139777086102737,0.239803084847939
2.69171400324612,4.02049048323024,0.100939379291738,4.31135541069895,2.77919506358926,6.18000634915813,2.83124945455539
-0.482676821796308,0.330600138809753,-0.601320651580762,1.30449101274822,0.864090917167357,0.88583236717497,-0.00340865828553231
2.37473471509539,5.51888838218185,2.51614205849568,5.58499288247042,5.10796349541446,5.71080953426157,6.36147847769317
0.374643568004988,2.06576655339213,0.480000902419447,3.54020808842418,2.35896288652259,4.09339733291307,2.89829361224742
1.53843019889679,2.11382602790384,0.0677098626077353,1.05638383003508,2.42172858189615,2.37286456789909,1.48898996450892
-0.109710321176239,1.02061795624833,0.827379407229901,2.73673622691832,0.678432026775908,1.40348024927982,2.72425355839788
0.511470754698125,3.28157176627194,0.122364988626171,3.98491531531129,3.50578188284367,3.88864749069719,4.34130986397742
0.213957979642262,4.0401757242179,-1.01369950947029,3.5206681172916,2.16424296422191,4.63241014548107,1.1560499213229
-0.186120699373496,1.72683493668896,0.368132104525041,2.1890354001119,1.55438415470328,2.15317900706739,2.82013703721505
-0.120393824622494,2.01071374767832,1.46394589786756,2.89589800907646,1.35830423546105,1.38230376063012,1.34635418115042
1.01283433584425,1.8617324086203,0.940885466054955,2.96371349638829,2.21116745036324,3.38729019266721,3.02536396929343
-0.2014581469715,3.15547819315198,0.0912712976531788,1.49479140789186,3.19913039732337,4.43290271672094,1.85232065993302
-2.0376824944408,1.09251093079333,-1.67508437563746,3.22361463266262,0.667587426960605,1.38984167233034,1.43636284557501
-0.195889248829828,-0.485964861921394,0.470453906454614,-0.748070886708921,-3.01315083835465,0.362247895546782,1.01561766444737
0.539790605536274,1.78659993861149,-0.800675232122249,0.16945583775914,-0.732835812494238,0.921771135611171,0.0503676027934798
0.61645571635144,2.25904707873962,-1.34492116630517,3.53557234076805,3.09753161838609,3.79598545809297,1.03428804044533
0.616567817477434,1.38509358060142,0.264931140244963,0.457973251967783,-1.61224413290236,1.87411417024935,2.08008956429824
-1.69210152086908,0.373094607702578,-0.880644266233579,1.03702309135914,-1.83344614322509,0.950934556154631,0.891654563986329
0.368742058011194,1.16155249214476,2.54942656100841,0.466557848989914,-0.274347624260394,0.938150996495738,1.1635069864041
0.967859209947064,3.13359532168822,-0.732417702918367,1.39893241583407,1.32711104484753,2.97802079948469,1.69107180165962
1.27657868146766,3.35690770903926,0.809195664082872,2.90772140027699,3.18061926772052,3.48208620047665,1.69041209828027
-0.224961271044116,2.63101533630409,0.692572458100136,3.48882275991179,2.50126524283182,4.19347144984012,3.41864009126333
-0.321892586182801,2.15894206698733,0.889646551024484,2.82715882700882,2.56501962051921,3.68150713541742,3.1834340360434
1.48783783187804,4.78438430435629,0.733194431279696,3.70659519673022,4.76294205121715,7.2961335633343,0.707917434083759
-1.66792804577932,0.279519686088443,-1.57722016431891,1.17990673319109,0.262526658227352,0.273426417810744,0.0209392082110754
-0.436829976913125,-0.50276734896693,-0.28419904032655,0.549367708225642,-0.734663205407862,-1.35937726151378,-0.30986817522613
0.457462079357455,2.39162887656585,2.16848703161589,2.65061572503465,1.06693419893148,4.34242082563163,3.60847623282541
-1.61777376538123,1.35562983272052,-0.32614787451478,1.50290258771116,-1.18773815443555,0.0748109041660768,2.33534653391655
0.279627862431757,1.8224666904326,-1.9046631413422,2.63667658591316,1.92651839590797,2.02807465022996,1.75879978770212
1.87786402105219,4.90316769447467,2.36239113917635,3.34951487514084,1.73009760738582,6.48705825315861,3.1573533422287
-0.00406065343634058,3.091520155937,0.538472334196911,3.54158150493046,-0.97786657487263,2.54753944804484,3.32602383807881
-0.278454024963586,2.31473007895035,-0.172798784319318,2.28090335078608,0.551033704697338,1.21758031094954,0.973465268652123
0.474911714034054,2.44970412900185,0.219592235906928,2.37919429827306,1.80459360921707,3.42883054041563,1.2206090063404
-0.279072170787307,1.22524163017637,-0.289325805187057,2.56347323475726,1.2764221224553,3.09134046368843,-0.312010920010678
0.813400374079065,2.47377693148131,0.663259667994782,2.30407203001878,1.89178344931774,2.25379578933901,2.07800158581529
0.904435464449695,3.19272621922968,-0.051649200812169,2.2495581019232,2.75388116146322,3.14458402590896,2.59173767560517
0.00269166123012091,2.96995011723179,0.278357082275068,1.87592674055001,2.1297186622734,2.62233637456005,2.07112248413063
-1.17669215774973,0.762531616985886,-1.5197021036956,2.20280487525481,0.924091373673692,2.39976393938699,0.326062057867739
-1.31822072745909,0.217170159609094,-0.458963488454787,-1.18126826561268,-1.64989588311103,-0.447331002839739,-1.71517421186055
-0.592997365655317,4.00120796934185,0.810338737838787,3.38393000497627,2.69854583003786,3.9640057567839,4.50036474966788
0.797380500549836,3.15646157078957,0.90789636392872,3.39097948719835,-0.318680591525615,2.98372389557802,4.15437705021852
-1.95820517465693,-0.470167345062993,0.0546470891226499,-0.704077549696001,-2.90666703281354,-1.15210480374467,-0.0723129767332443
-1.88632515873255,1.42191892935721,-2.03403134116889,2.00230620927378,1.06270584992942,1.10858477327913,0.667298929037273
-0.653779824760103,1.53866263808977,-0.272097127907455,2.74730386559708,1.54301630701726,2.45284264026788,2.31103307495073
0.394394847980585,3.1423051269061,0.814447726712355,1.37518500152436,0.553377775512658,4.07249426500813,0.449197540951582
-0.913566048164992,1.32094411402883,-1.52478789181578,1.03744692096381,1.83614128896672,2.05988119085953,0.362707068310357
0.88674903709606,2.65097017843164,2.00918885560649,4.61794156888597,2.40574145126575,2.55096392423503,5.36439829830422
0.333369970155182,2.35730759683641,-0.86812302590767,1.99549089631275,1.12826387048213,3.55328342627526,1.50350379019335
-0.17063961823861,2.27626910246166,0.0791988993865348,1.62729391179434,-0.687486949674384,-0.311611919623601,1.71089429187945
0.81882813653178,2.04497677768149,0.56124639862097,1.57376518262686,1.68796587314462,3.58167430458498,-0.763761622674638
0.388365162819368,1.65532889998235,0.315852883376538,1.72441083040774,0.531198615849616,2.1862410633222,1.96476790534597
-0.445935027212156,1.45847277209091,-0.433392097249546,2.2068508267168,0.286261099846699,1.34506514022072,1.48553972649846
0.23111493441816,2.35619337917162,0.565494254355285,1.94566809850472,1.41718598856922,3.30295955425155,0.715777857114829
0.647513357977591,2.20063423111268,-0.707407812908667,2.74216356094642,1.33332592364176,1.41763899339869,1.88354821958982
0.356283344862047,2.60201123834754,-1.1112225157922,3.52336061411874,2.55048257940357,2.48969993142877,2.91648609856519
-0.658010207949479,0.371856421038419,-0.983573742087985,1.59648100694701,0.364293358315615,0.555399322925829,0.0879673925832387
0.855202205064192,1.25320331118398,0.370276998684316,2.62706801912419,1.49877781824359,-0.0587126107153232,2.5337962202944
1.15293622555862,4.81435961295498,1.83321593313635,3.56916939387993,4.13342649410147,5.73698610273112,2.76670465490002
0.276274556543337,2.61889675829498,1.72559141813621,2.71048633774247,1.99957737162152,3.10634618023525,2.04799897427271
0.144104662462187,1.71825559657517,0.391533793775839,2.86706750910398,1.77035430273163,1.7829811343983,4.55112037506094
-0.075625080779838,1.65954208688577,0.343779082303229,2.21663734405482,-0.0517277278743251,0.698321054883527,2.90654071972975
2.16141584630279,4.51425120808579,0.837063039511948,4.37267087950144,4.99444870507379,6.58390225584821,2.69090403190794
0.276315532135793,2.01073161147928,0.186210850120931,2.45837280775558,2.2991862523767,0.927503886662474,2.04937095947378
-0.158294028699944,2.06547974091673,-1.48369287545176,2.62875266931127,0.181410355187826,1.00145527878026,1.90355652851143
-2.50791780219725,-0.271059867856255,-0.964025172202863,0.785585164128798,-0.274604704612148,-0.907912197694396,0.0139501220694295
-1.56528176503053,0.246383530038815,-1.31819446480901,0.0730774728162555,0.153738840367044,1.84496402695884,0.633700881385523
-0.0776732006105648,2.5400512530318,0.295842172795266,2.95203520819474,1.03068384433967,3.15494443440313,5.0339601126433
0.206294044843098,2.30652979422463,-0.242834316732953,2.15920413360796,2.59789302421598,3.02740248182233,1.26713438762378
0.276872458861614,3.52331063405963,-0.52317950540564,4.90209630564328,3.33698311135138,4.01198405898426,5.04734798643169
0.821506780448618,1.53180856668415,0.191642013422263,1.54267582706603,0.411402994621521,2.10901769167207,2.58335664483985
-0.194152409320457,1.70937066649424,-0.463981115293935,2.34871086261783,3.07686554143121,2.68443404719698,2.33439940617571
1.21458879448256,2.76268208676626,1.70187260508365,0.960616136640204,-0.154784315893789,4.02268783563415,2.01565256061115
-0.921516042869578,0.187924831790665,-0.251549938997661,0.472668621552271,0.0366599804139445,1.59619126654081,1.55096224100754
-1.20844272044307,2.03110454990382,-0.171729934068318,1.59332053604993,0.26513264866594,1.65926932580695,1.48623025435615
-1.22898617755381,0.909411308882805,-1.85534667457768,2.86829145928505,0.28956081812977,0.93318002576196,-0.13894068572971
0.742297024186518,1.20827962891775,1.86797022172128,1.69470978930723,0.747719586726747,1.86347421790891,2.71967547444876
-0.082919942339226,1.3415234187344,0.117910469991149,2.08402266777059,2.94788544211147,2.43490382780986,0.635018863200724
0.789817921820499,1.5265207768103,-0.461372442493004,2.36886145581624,-1.46555699934202,1.4988026833957,1.33525458653003
-0.267706421557085,2.82492337536875,0.175193434668279,2.44633488349347,3.19551041989936,4.0406820158529,2.03226049549833
-0.591892102212812,4.06939077509186,0.574487978738471,4.14928868424835,2.08533565313565,4.33481624717277,1.84204290686215
-0.368352575126506,1.03160212076238,-1.56785342586481,3.22874552505349,1.4486629938012,0.896446092246393,2.09513456315155
-1.85261682424173,0.425676532504819,0.763798557909697,1.91496628271017,0.0408544288292047,1.52295560525728,2.91609605476041
-1.16961526041411,1.34404282595937,-0.74283833538542,2.6552300363746,0.49633530218996,-0.269903110701289,1.46976441007136
-1.44203464635845,3.55533170192005,0.40015345746942,2.65420936559214,2.26710507676161,4.48794478302727,1.06235838365979
1.05432227197535,0.51445435390454,0.599422455076589,1.53916558700998,-0.222730941833692,1.54328521630759,1.32308624237821
-0.5973300913628,1.00818019121344,-0.631087890248124,1.99907257056474,-1.10948248932037,0.865039247733515,0.973264853679787
0.78945985279018,1.4287731250044,-1.44019012023177,1.34503955741151,-0.190462416855516,2.3393834797349,0.945333175501093
1.51649060169196,2.98556767511665,-0.341926917741212,3.20731792091759,1.32502170319831,2.87618491639902,2.12825465739852
-0.191774809109942,1.57068093512604,-0.137227704472402,4.07300474498761,1.41516687553249,2.05602453651463,2.90954984630583
0.283878906352351,1.49729431905695,0.969791998293318,1.07357279137844,0.920322650614538,1.80653193978404,1.71182327197063
-1.75106751939608,2.43330170200668,-2.75721241385261,3.25625884261249,1.63544959653421,2.8913703242419,2.32359305060169
-0.818669777519803,1.60212951504914,0.966106223564343,1.04766953078213,0.934782729271497,0.646768153913388,2.47435007422237
0.0562148493828386,4.43855725369423,1.42709788899439,4.4589868468664,2.19603778747612,5.16368066336239,5.64931931268995
0.299086903336152,3.06288614888727,-0.993772804242865,2.10219552848013,1.90244042102584,2.86151071064732,0.838893479083027
-0.759398117298882,0.127169355904858,0.0926015035436693,1.67936970081933,0.296275299686061,-0.207004054357531,2.45406923433923
2.6848589992268,3.39439598431326,0.308790286259188,2.10763729022053,3.20106784171421,5.09751917644373,0.695651205095062
-0.458390139092389,1.90632630788904,-0.354395048234478,2.35490608022945,0.610034081809642,1.72099898740995,2.13770086055674
0.0642435566300379,1.47349590421899,0.960784517161702,3.37276339172763,0.54773868416348,1.73546592399243,1.432538886513
0.649791867153518,2.87412318280043,1.19323558127553,2.78941214051086,0.558395581386004,3.55197144119163,3.39246948233998
-0.0260186347739953,2.71175773413902,-0.862183921020475,2.79183281969368,0.132677090774869,3.06464324655441,1.09434729553917
-0.643567387027114,1.90626836702938,-0.708420147989123,3.73857816871032,2.67636119439981,3.09361253099223,3.00753752565123
1.0453056639633,2.70163169699979,-0.453510739015513,4.92743874106134,2.07981167872441,3.19951021256029,4.52732362866702
1.6155453232072,2.64889732470319,1.14731632150852,5.3373332399989,1.08705025336083,3.33357501530734,3.76265638570408
-0.0296939710498354,0.686924133995967,-1.57392214995869,1.08722156936675,-0.198037487246627,-0.0659722396877316,1.2467357731892
0.562267345403066,2.79070877492077,-2.34819176884983,1.89835955178551,2.13906953427059,2.96659145369196,1.86573427149665
-0.0974124985026302,2.84440567529079,1.42110603262154,3.64223831512106,-0.398562253773042,2.76628237832412,4.12381817332148
1.01645521770216,2.73349476441655,2.7817005218458,3.34904177934842,4.09561452572761,3.75447200932539,2.8916423191115
-1.15616739425985,1.8286837373166,-1.03311723736875,3.56528685048826,3.31224119761157,3.34594940807225,1.31083443566796
2.32086022399448,6.08421786271958,1.92153259909213,5.4091658715874,3.46074809446252,6.84042994156723,4.13333584088046
-0.603531247788338,3.45099628372704,-0.30926840760389,3.57651675805788,0.42429390274417,1.92593315562673,2.64883521595838
-1.45884941443809,0.338014991673391,0.744889092496946,2.75036912860453,-0.230476647575495,-0.439894782506062,2.66654627027925
-0.35091782719307,2.26597757964061,0.378685018972846,2.74817507572339,1.25980279993506,1.784897200895,2.97795534059351
0.146708484145002,1.41515614956987,0.277018207188652,2.67284443164325,0.338685416229244,2.8789421667415,3.31207826262234
1.62362120768023,3.98871039004579,-0.987325847925758,4.27661481803064,2.60354715590639,4.92944615201261,2.93554111986307
0.91120967677132,2.67060460134031,1.53856051918341,2.82495130054676,5.79290271767951,4.76946298100652,4.25897184599739
0.142458432045787,2.39155432370328,-0.279624399023962,2.13927686336201,2.54174282043448,3.27076931598931,1.44373133154558
-1.38948352398816,0.0293985664002707,-2.09823184670911,0.683031152957774,-0.311920031906089,-1.51227894103193,-1.7253214890205
-0.866037744672114,2.51254772009495,-0.634815537249387,0.810256435943458,0.555632826686439,3.50996788237237,1.18879436525474
-0.163284932229294,1.7851920877397,-0.20842062590695,3.52808947791674,0.587420086342006,1.39437661043697,3.64889166093738
2.55302611346059,3.59650093281341,2.33571992939645,1.92243982376134,0.815196792245225,4.31640447876645,2.78243497822066
-1.86022757421841,0.435196568010081,-2.0975098193732,0.713937114297324,-0.171032077879067,0.420582510487332,0.29473857300949
1.13105465184602,2.98124210147269,0.00788369860456606,2.71653842530113,1.82477197830832,3.43343237913758,3.87814137610545
-0.527234257233921,3.21507660590671,1.2245027997662,4.45608198082255,4.76467776239772,3.5267228703542,4.17016367637815
1.66599089998742,2.22206873165618,2.19166121876374,2.6132988164075,2.21844069348883,4.58769063260063,4.23863483443696
-1.1392006399734,3.54763069151226,0.59361422391566,4.42756677343534,3.79918141987541,5.76701168779151,3.67139846405103
0.143623234662747,1.34158620126719,1.73333556267925,1.64487849139446,-1.01535081568786,0.720619043449472,3.5585413785388
-1.09955094170275,1.29500262159786,-0.345744491021479,3.57787028355861,1.35531300745719,1.75268335296503,2.91618796264831
0.903516426361675,0.664671776340088,-0.130125473688937,1.95226806179494,-0.0287880456472422,1.94897081156201,1.47218672274549
1.48377948873809,2.53256306066075,1.29709380623246,3.32008835983061,1.44253793241871,4.14160124346358,4.12715544666642
1.95072100640115,4.29235016924965,2.0340836290265,4.88217610244379,2.91372037634413,4.2554371570363,5.81487646720556
0.797600657589519,3.14331358465063,2.81243360026581,1.7180872565265,1.72118988657711,5.18177720042826,4.11231688759795
1.84326625457782,3.88518522541481,-1.04334920542228,3.70910564538941,1.62481839791957,3.95762647346189,3.39083831584922
1.24642390866165,2.53037382339663,0.89644765739764,2.98568592492127,2.30332453505833,3.16309112134433,4.0535228953538
-0.131874911824015,0.0509276044829589,0.588857126957638,0.268920074801291,0.307477347049841,0.229868929172984,1.16158271963415
0.4770372382847,1.30880516356834,0.183919963781967,1.92833413446294,0.237828784916121,-0.349424928271792,1.3290943917073
-0.971994211475934,0.99257586549521,-2.04381935422308,0.973462774998275,-0.0784642487778325,1.05778361836055,1.32587729439927
-0.185202169400994,2.47347543946991,0.648899807385748,2.95118023730855,0.497064983452819,0.867783954343951,1.94739362580536
1.22096370834882,3.81421644806876,-0.168603887089509,1.88512329042625,0.374424054024178,2.61072123350073,2.65053418007734
0.54128414348235,2.13013926563197,0.776503570571688,2.77550707461588,1.85380865715238,2.87668255117558,1.91339079954705
0.45735733162533,2.21433333088788,1.13623037183052,1.9137598380929,2.37189858588439,2.99844341769944,3.15581463826615
-1.03813103968721,1.00664364572649,0.764891490630991,2.64399044942045,0.130690122546499,2.18230707557115,2.57355174977327
-0.604513230334117,1.57423494868843,-1.86012041255263,0.128853965928667,1.39907937124004,2.26862813664551,-0.592984324812014
-0.764606013753569,2.9254600745833,0.699438841302332,3.09033536151416,0.979473502430131,2.83678279388582,4.99251598936328
0.395295870013499,1.58952416792041,-0.55933342193927,1.89175727508182,0.661750949693391,1.10670192740073,0.718631036179804
-0.990507630466559,1.0028311760744,-1.78427328908224,2.64250543638048,-0.390919157745709,2.00795191808149,2.71199617044742
0.562041390099052,2.52835940452224,1.59534136096896,1.18984047435275,2.21913835698536,4.4850669341844,1.02983579250291
-1.11641641193354,-0.231399022731892,0.588051767298205,0.289289669022708,0.710157298863457,0.521114883746376,0.520515734214393
1.82853045813536,2.54179513130534,0.671681961362679,3.49111810927562,1.92933631362838,3.26707894694609,3.28731536381777
0.460591349478104,2.56873502819159,0.989836380977397,3.41098814233261,0.248623877532882,3.0134848375475,5.40722614029273
-0.70100361225327,1.86626623793648,-1.2108275475497,2.66272047415446,3.75094445069336,3.86793644763127,3.18431203610915
0.241045932501223,3.33292695538129,-0.030508612801432,3.62161917603578,0.169260152500929,1.50782536503524,3.32263071434981
-0.352453199227956,1.25233148417913,-0.26994983337485,0.208090324897773,-0.420652122492264,2.49570688198376,0.213575587379109
0.371147959759657,3.75081898904208,-0.0951660746241757,4.47663548950799,2.32745873263463,4.33328750489749,4.07262039449102
0.2435327187603,1.33026995768871,0.855865095877393,2.14696503383218,-1.06994123136344,0.469222769583255,0.896299230665185
-1.01411417266147,-0.407574417631444,1.03027044916521,-1.10000917763889,-0.924225305856742,0.347572739243015,-2.26197096225581
-0.79131387881947,-0.57906454860757,-0.851428002188637,0.421203485822593,-1.54556333596104,-1.67515610481253,-0.148634391882636
0.299593684739564,3.34372522273223,0.117138390014053,4.29437541718456,2.5410939945819,4.35647625550846,3.70651519603351
1.63905190875156,3.6161136383067,2.45628330354128,4.23506713129251,3.80776775197828,4.52487092714562,4.06758833274703
1.08461700867092,2.73727171698821,0.213266533808923,2.28480525148917,2.18679056259082,3.42592567338113,1.24931389569228
-0.624567473618094,1.20673263409363,-2.91632190741615,2.7523046120754,-1.69586050702364,-0.404018241867062,1.25788435668029
0.825922901647494,4.24699377672476,0.926945237271679,3.57593231797369,3.8876849561419,5.2588125501684,5.37289918156698
-0.0485683527562885,3.16229082185422,-0.910752187489401,3.59556254075142,0.76061435086294,3.30157002339382,2.52069834184051
0.301313651718405,1.23731121017547,-0.847881580144724,2.79465054826548,0.223208864049855,0.780988385673139,3.30336787147384
0.260361490736558,0.817272209773021,1.55099755895313,1.96266663560928,-0.806410918774216,-0.202894054620912,2.14040988374658
2.57544976372339,5.14565569190858,3.73572288887693,3.94925643558884,2.40756684146136,5.03608864825639,5.35813735957857
-1.18528881058722,1.61238075754756,-1.63242694669716,2.94864889709786,1.66434477498425,1.08925344052621,4.17469159567176
0.100919859012857,1.56975490212057,1.08148511117319,3.57625851726772,1.9770985373896,3.13069629061972,3.94616837495889
-1.77997728796762,0.972470135197005,-0.984136482353441,0.751532660845271,0.861304399826249,1.86212917412618,-0.365673816109155
0.589835922958759,0.448637634455645,0.436725420699827,1.13185201093297,-0.217721088660684,0.813197641654814,-0.513172643964717
1.0966084717214,2.21214530444368,1.77054093731711,3.55216018478497,1.80397840587373,4.37105963798223,3.39207234893129
1.44566224110115,3.59153699840702,0.936505638991643,2.66208401075621,3.9329753773782,5.92192559545354,3.76834513669907
-1.92514525183712,0.386972159506342,-1.81393797977932,-0.448495291308741,-1.11100559501464,1.36732735950844,-1.59462704886738
0.41276949719403,1.04832795363989,-0.264024126145846,1.23913053224315,0.266021043683046,0.074551558126057,1.82496437353184
1.59336995138365,4.28996209178389,1.4828202309907,5.06946324170705,6.88653030410523,6.58103453405004,4.91524135510114
-0.414015863042303,2.83184664876818,-2.54295526338105,1.62044502139426,1.74695742198465,3.19608934303743,-0.961232909711103
-0.212150532081949,0.89023973587744,0.989169115807498,1.37486398451345,0.582576516720327,0.825616385135424,-0.263051218380283
-0.0365372222047412,1.78530359311319,-1.58541870993461,3.21164259332786,1.82864908922501,2.37990443133149,1.24607531999343
0.365018751433036,3.02262894060668,0.2044404385349,3.1627677126965,3.41383581426823,3.69009244427031,2.93568247043947
0.665159875745969,3.39585274331544,0.142220960281024,3.94401597465582,1.08270828639099,3.58114323842363,3.10973707409051
1.31782088371148,2.52550909233432,1.95197992788009,4.39183652468304,1.59025236636927,3.71548038584274,3.94618110855161
-0.0954875904449924,1.04507008807591,0.141105519834133,2.63232027310829,0.326840884905091,0.772041615260178,2.51517108077953
0.196278045472469,2.50209784322336,0.200078157641446,3.34265914172897,1.40569654403765,2.43772224451636,1.9956200465527
2.48799787722146,2.0743800837475,1.94213474746933,2.94305246680707,0.073025649459918,2.23496269299227,4.39414389827471
0.431098928114991,1.39480155314363,-0.611465092132936,0.817944483563947,-1.95996652417362,0.91407899251545,-0.106310525058251
0.188753109329833,2.92458961452131,-0.101522301401459,3.8864096236048,1.89220412168267,3.66318954378592,3.28301139066833
-1.34224312528345,-0.777592905741062,0.506462851166044,0.997791587853278,0.326293863114353,-1.0303649853032,0.196976277154365
0.00285604762222659,0.801507711315141,0.684901644790964,1.96467613219292,2.23311167637311,0.665908677206936,2.58972718778694
-0.221326153166881,1.58215401385213,-1.38615978333597,2.16470815347144,1.90204351125635,2.36237619818549,1.76856527372172
-0.0110458298093738,1.68908983501529,0.632433452506194,0.911315001409551,-2.22568661503815,0.202076863635201,0.628220518366218
-0.575417641271167,-0.214378870704215,-1.6652984452393,1.00352854248378,0.0477858570560377,-0.00481273291570134,-1.73229167415799
-0.686815652442701,1.95992631993676,-0.94171862994102,3.62690451917338,1.49978364310997,3.25315983840489,3.04748527280381
-0.720773631820122,0.401924757460139,0.850533567946944,0.66963437037413,0.146543054446578,1.36275039880843,1.36871244452888
-0.214504515399774,1.67033745027696,-2.35829743314574,0.368386967717121,2.32973096638662,4.2361750391622,-0.120814676642668
1.36813264802863,2.89793391142195,-1.09494786686651,4.8665816081813,3.82251878327281,2.83768586333753,4.99142452693876
1.04908662655933,3.53589804207865,1.82591598610609,2.91085069266878,1.96542420842984,3.26297399600322,2.53033458466399
-0.359975117943056,1.64603844593194,-0.994780343024183,3.29258351280474,0.665160252270187,2.30134411110786,1.82703155361478
-1.68591645453874,0.516918850820748,0.400748791309542,1.98589666604734,-0.278264406065874,-1.06495977404845,0.668455832464505
-0.844583428535954,2.97907410117345,-0.590541915024083,4.74308797106697,4.11403850870815,4.78558049339375,4.89011008312912
-0.457760533240508,2.00568645542791,0.19889541174267,2.36188993425223,1.42823674622264,1.35971015588606,1.74567801247934
0.103638004228304,2.70645086599275,0.865097891743391,2.59407107802194,3.13378509723987,3.68628781489216,1.88296033762064
-0.662607275700815,1.94481280627005,-0.982515507210451,4.09362694354073,1.71442379234872,1.99597017911153,3.24510381249005
2.00668069083189,4.17697917931075,0.69874942226934,6.080415248917,1.4605999096902,2.63289862942912,5.56089774423796
-0.272267534418351,3.11792243950331,-0.551230936854811,3.50106458800357,2.58404872940778,4.00085181980704,2.2951298813942
-1.21394447023951,0.971740262841799,2.20911204090262,1.8500652295127,-2.16926721018516,0.0630836326324851,4.51514842382595
-0.141261757282513,2.12983454059642,0.0555161904563227,3.23323367670855,3.20763624709282,3.47810250782366,2.19160857910299
-1.00537758159341,3.16533206753954,-0.0298883676856213,2.54319575686815,1.07677043660141,1.34690747140342,3.41832088152306
0.156155707275326,1.59488625239078,-0.262675687303287,2.61424652906099,1.55668560791917,1.782859683644,2.84778214021236
0.233633614089869,3.47791587080813,-0.124973835609675,2.44492910742498,1.76662820951201,3.12010203460302,3.96681092062493
0.355587611628384,1.67739189323039,1.5565484746715,1.87669471084897,-0.944193871803194,3.14003617319068,2.4215169087637
-1.62185825912421,2.41265306802086,-1.1498127990995,3.48374068144627,0.735845016821581,2.1673490423963,2.68446956035028
0.220711290970649,1.51032165301586,0.130491948246085,1.29427174693574,1.98124103926403,2.74772657282722,0.600852994530247
0.310450080541646,1.43398778771806,0.53218720441189,2.85465207503408,0.334197207208656,1.25249324142592,1.58025474901088
-1.42110844750449,1.89951586644594,-1.14227796879012,2.83184016619825,2.13213194048577,2.40924010850329,1.79010191720248
0.955365639730411,3.72922404439724,2.43674697604224,5.04419936659413,3.13808883754094,5.93742169447111,4.92134945953045
0.784170879094338,3.17904754073555,-1.036374172674,5.39099626786962,2.7550323029358,3.13268767323959,3.92135368043991
2.29961936115445,4.11288401826384,3.16110266042285,3.30364305521415,3.49551373013567,6.75407920865734,4.61055559650673
0.156702987375728,2.36722219324248,-0.273240395191315,3.04769436787311,1.56124794789974,3.82682500013827,2.18645877330901
0.0467335275180007,4.09214752806091,1.38048641060849,5.42316705073851,4.15822158410387,6.19517835543993,2.01925690450919
0.0965858340824364,0.644734172047862,-1.95088449396625,1.65035934816006,0.326237285058593,-1.47271956294284,0.495971737569719
0.0697662309003006,1.06947666766697,0.990963736878604,1.0948206660472,0.16957458108447,1.11485536961211,1.56996171304217
-1.84847277533767,-0.757918343176226,-0.047805122691968,-0.528113645638599,-2.36166681675505,-2.3761186393272,-0.565096052860033
-1.67112705864224,1.62385384346255,-2.10678050088121,3.53714199363308,3.27772347746682,2.70789964814426,2.54172674428448
-0.0775389667912034,1.69232689123317,-0.80709336188523,4.78412052954726,2.09968283216714,3.25356929870976,3.53252606075612
-0.581067380566498,1.40513763965,-0.0970088448130275,0.936296064744091,0.439791941076529,1.0686297784384,1.75623510576685
0.0547365250574253,3.82709603838508,1.17120369132572,3.78950453089165,1.86220528931625,4.08074130383857,3.54009581887205
-2.11120837326053,-0.267993151392961,-1.82160349065894,-0.755664351589422,-1.54424691490059,-1.94317197465599,-1.86748278030078
-1.49869825452676,2.82383599762188,-0.973475126316677,3.04635640464947,1.07465021251161,4.17954083248085,3.27707322919979
-1.10148343893874,-0.290627564794628,1.02060521550796,0.48938083989144,-0.241350487257111,1.11276887746498,2.0414714000662
0.986058221060247,4.10668218989669,-0.634318130321368,3.86262424667396,3.22335710079806,3.2280864121626,2.80372674477791
-1.09849000709012,1.44432899690273,0.3985489771718,4.90588468863659,1.76261295973936,-0.0793199489624267,4.44807692989014
-0.799513953576531,0.97178831714715,0.0490112124466313,0.281571343543336,0.384172377750764,2.31028707799799,-0.43714266084876
0.0798738186740527,1.89106215155217,-1.0658776192193,2.75585690779297,-0.392296700821309,3.61781643909904,2.18378789327568
-0.322746361825109,3.08077757831883,-0.829241023086336,4.98920202153454,4.58310320949176,4.06848954905585,5.9020774838849
0.146417178667962,3.82093961531126,0.856486099636178,3.06363518730201,2.19297479411691,4.82737657067567,3.97610321007257
2.30506198204569,2.16558176458521,1.40149042373497,1.69656452204946,1.41361024867019,1.9774395694041,2.7331450055895
-1.12460367125824,4.52141167135046,0.862796441838358,4.21329763039113,2.02618569291572,5.76473207617436,4.60370949909414
-0.305469639909805,4.33356694244993,-0.754518782046489,5.33404822967138,3.00294461599078,4.74814020490824,4.28722844760266
-0.516759449743733,1.06127060554939,-1.97286742125134,1.39976458347958,3.04104487095789,3.31675793918516,-1.19533672488314
1.51239542683245,3.14553443625903,1.80402463989449,2.17608283460298,1.9909432323124,3.3253036384351,3.42911484236233
-0.769484922890278,0.720864706151105,-0.993364079879267,1.57515383609833,-1.54730766199021,-2.27234688061405,1.1651780815999
-0.0820869037757183,1.84132938838924,0.0792970749346966,0.271111303761728,1.60505212598697,2.70955747514317,-0.243064167605423
0.787133614322708,3.369566329704,2.11260862101315,1.8832413098057,-0.127958436525607,2.78633800596262,3.85124223482635
-1.0585905359484,1.25649038617184,-0.779709320285395,2.96600606841125,1.31990862878,2.33054989156615,3.20313531293309
1.65517581574201,3.51614765079794,2.37714323526798,3.92011893000094,2.25487896765674,2.67328109960512,5.68892484250953
0.675762415474246,4.01941753507579,-0.759258442195323,1.63959584458908,3.36343050096381,4.56452028310267,1.91936090466391
-1.07420660953035,-1.06323376620513,0.388407931351059,0.873352620879339,-2.07867687736656,-0.885473142322078,0.179247976254255
0.454577809057738,1.87221919984437,0.474088116399867,0.00575808744214064,0.465603059782061,2.04939283673343,-0.0601369255815065
-0.213307143233068,1.97377155667643,-0.843425110967984,1.9346713778284,0.49960125753025,0.421576388539807,-0.506611425893113
0.313228771994335,1.46748238027778,-1.12339455289249,2.32672834315317,3.61374363857523,0.333340682916289,1.44348954126795
-0.0899751970156634,2.98898608267451,0.0316560650866762,1.66381567114758,2.7308316935908,2.73636525695181,-0.267859253690868
1.07051603677834,2.41090718730065,0.790422780843254,3.95513251514336,0.526487750865448,4.51755771773864,3.98801775755114
-1.35110038570333,0.489939537664567,-0.398103375816989,2.55746346631051,0.0612400230368235,0.461289283798827,2.29683019252922
-0.522616697195916,2.77091844277312,0.27554767363359,2.26478697889841,2.63094066271591,4.60070415880579,1.53024010907086
-0.249190677755399,2.63494153085718,-0.585080904854411,3.96548098148248,3.01266212059406,3.34142601374444,3.31165400539884
